edge_id,source,target,route_type,distance_km,base_transit_days,cost_per_unit,capacity,route_reliability,customs_complexity,border_crossings,alternative_routes,weather_sensitivity,congestion_factor,insurance_rate,handling_complexity
E_0000,SUP_000,PRT_040,rail,1508.03,3,20.79,4197,0.8822997101131382,0.45476996008370785,0,1,0.3429533946195801,0.4263787755874469,0.008752329967270924,0.5386057354761112
E_0001,SUP_000,PRT_051,rail,1576.53,3,36.86,2696,0.8778549360088864,0.40201677149851134,0,1,0.6891986394002979,0.39927676239159904,0.00602031902959963,0.27223783927012035
E_0002,SUP_000,PRT_041,rail,1625.57,4,9.88,4851,0.9261019736677348,0.4749552265988476,0,1,0.5639735883653716,0.14317748585858575,0.007167682145042861,0.2367483550840179
E_0003,SUP_001,PRT_041,rail,1722.87,4,15.97,4582,0.9024249325995474,0.16027044308395097,0,1,0.40670822464763073,0.40327400443061495,0.0076908140746894844,0.4447762021349324
E_0004,SUP_001,PRT_050,rail,1749.26,4,12.45,522,0.9602673296883626,0.35451654159169926,0,1,0.2800358174772865,0.28462298976791595,0.0010839845784438398,0.2986715458086492
E_0005,SUP_001,PRT_040,rail,1768.39,4,34.54,948,0.9304926707906223,0.21116083889954715,0,3,0.40074715793064414,0.4200283874796638,0.0028363207116600896,0.4220339797209145
E_0006,SUP_002,PRT_040,rail,1661.55,4,28.78,1422,0.8210334583769582,0.31547826693721565,0,2,0.624023895565386,0.435985592112873,0.00849412422412339,0.20441264570498632
E_0007,SUP_002,PRT_051,rail,1744.25,4,34.87,3134,0.99,0.40250586315658105,0,3,0.35280210774510745,0.45066030473128027,0.009967009038645227,0.34732381220273933
E_0008,SUP_002,PRT_041,rail,1860.64,4,26.0,1543,0.845801947440227,0.15512915966369417,0,2,0.4063109204243119,0.37824725859872277,0.0010289643724385083,0.44783573498393625
E_0009,SUP_003,PRT_040,rail,1630.71,4,20.8,2820,0.9537397832861834,0.33528090677935624,0,1,0.5211627629526137,0.12594143779318734,0.006219854086853182,0.4245938351838095
E_0010,SUP_003,PRT_041,rail,1642.27,4,26.63,3313,0.99,0.3408582576209924,0,3,0.4491278411317268,0.13082331165373248,0.001526958363195813,0.33369532747842434
E_0011,SUP_004,PRT_040,rail,1645.01,4,40.53,3474,0.8728912263920513,0.4300522670664461,0,3,0.4200994989777453,0.15898101068251358,0.003953734782483805,0.3736077464695501
E_0012,SUP_004,PRT_041,rail,1673.69,4,11.33,2151,0.9618479953231097,0.21977740419675468,0,1,0.410624026647036,0.3544709458832931,0.008070864562722088,0.24733447636935493
E_0013,SUP_004,PRT_050,rail,1700.42,4,22.44,2625,0.9705772625973447,0.3988878350968151,0,3,0.4859361356135932,0.33510774434487933,0.0026602862782027542,0.3448941766609154
E_0014,SUP_005,PRT_040,rail,1517.45,3,12.6,4196,0.99,0.3790682510080301,0,3,0.34936278679438654,0.4762716980461362,0.003333670829791964,0.37186272509557405
E_0015,SUP_005,PRT_041,rail,1545.8,3,34.71,2503,0.99,0.4210573239182842,0,2,0.6686766471079322,0.38240760306560984,0.0066805358136103575,0.21993681111317664
E_0016,SUP_005,PRT_050,rail,1572.63,3,36.29,3478,0.99,0.40620515959644393,0,2,0.3126118511342449,0.1525397632579627,0.004589524267333565,0.5690492232351159
E_0017,SUP_006,PRT_041,rail,1723.47,4,41.59,1931,0.8634322994730983,0.12282188846050174,0,2,0.2181438113067511,0.21028794123822092,0.003480511048110509,0.5148506410406416
E_0018,SUP_006,PRT_040,rail,1745.2,4,42.75,3971,0.8756935321611028,0.4106842227820725,0,1,0.44378559683669216,0.11344544007331306,0.0015638788310981908,0.5625749813377644
E_0019,SUP_007,PRT_040,rail,1580.53,3,18.84,1189,0.99,0.26443824104028263,0,3,0.24321230538127325,0.19471372372455417,0.007592038586542809,0.4193282334905697
E_0020,SUP_007,PRT_051,rail,1648.72,4,12.46,1443,0.7749963314490766,0.3923283859922919,0,2,0.6897754201908785,0.15798602895192682,0.0075264015479600335,0.2764762805859156
E_0021,SUP_008,PRT_054,rail,791.66,1,11.3,4979,0.8576757858122964,0.4869424711153101,0,1,0.2570478924439667,0.16049873149397384,0.0030278523695611162,0.3003866645361192
E_0022,SUP_008,PRT_050,rail,1284.31,3,23.98,2836,0.8187342544817283,0.44405587733977403,1,2,0.4712729016977114,0.4166799953813407,0.005939547910480529,0.44516006434477967
E_0023,SUP_009,PRT_054,rail,729.28,1,10.33,4148,0.9049343879878378,0.2714522187881903,0,1,0.6728490735001411,0.4399901485922648,0.007021201035961976,0.38491822440024287
E_0024,SUP_009,PRT_050,rail,1299.19,3,18.45,4250,0.8431391917160658,0.3050010595081327,2,3,0.42961993879847904,0.12078263102170737,0.008076503794456298,0.2805455128543898
E_0025,SUP_009,PRT_041,rail,1312.54,3,29.46,1677,0.9059016086309509,0.23208602594859903,1,2,0.577053840158082,0.10717827142739673,0.002136284045133521,0.4638517465578969
E_0026,SUP_010,PRT_054,rail,646.97,1,6.32,3548,0.99,0.32319229551305595,0,2,0.23260229563024604,0.2855725507249331,0.009182981852754043,0.4154807191810857
E_0027,SUP_010,PRT_050,rail,1224.2,3,25.67,2314,0.9303894280567265,0.4288412642400902,2,2,0.2467039859876478,0.2764288633003135,0.0027604834574006354,0.2746893183092166
E_0028,SUP_010,PRT_041,rail,1234.73,3,13.26,975,0.8351029428915562,0.22493964075420544,2,1,0.39798523633122745,0.4660360273628173,0.00579725980521526,0.26318192913413924
E_0029,SUP_011,PRT_054,rail,977.2,2,20.39,3322,0.9747447796736985,0.34538925545567056,0,1,0.6530716273828832,0.21076179495112357,0.009851693254437,0.25628461121950336
E_0030,SUP_011,PRT_050,rail,1080.21,2,6.12,1112,0.9625439449050329,0.22526479792691295,1,2,0.507649012534901,0.13338563399575332,0.008941747315666049,0.521441414176614
E_0031,SUP_011,PRT_041,rail,1096.84,2,12.5,1074,0.9454149400747669,0.29414359326395484,2,1,0.5339599994018135,0.3538685093015766,0.0024935940576620652,0.5527711033218575
E_0032,SUP_012,PRT_053,rail,719.06,1,13.03,4211,0.9026179593232566,0.3109598488490706,0,1,0.611479223110743,0.18390117907347256,0.004411244135971877,0.5893829559904692
E_0033,SUP_012,PRT_054,multimodal,2296.5,5,50.9,1895,0.8786468230388543,0.4672831998491101,2,2,0.5551213993116557,0.22574004527349936,0.0052405110903953325,0.5286547590841887
E_0034,SUP_012,PRT_049,multimodal,2596.91,6,29.3,1654,0.9055823370799039,0.19773597631458648,2,2,0.2503187392617667,0.1959496451023779,0.0022777479078489454,0.33917656463286666
E_0035,SUP_012,PRT_042,multimodal,3295.59,8,29.08,1598,0.983361558653035,0.36045903395266965,1,2,0.5690345616692586,0.4224783524015163,0.00859363593766052,0.3015899498288099
E_0036,SUP_013,PRT_053,rail,557.92,1,4.2,1589,0.8261493911633722,0.3621129638766633,0,1,0.61852056262147,0.21171043538176418,0.00678593719052837,0.4776602294039324
E_0037,SUP_013,PRT_049,multimodal,2369.87,5,22.06,1836,0.9403054734752145,0.22157856049628954,1,2,0.5796243665304214,0.46144313773871803,0.003094868323911599,0.5229584121359805
E_0038,SUP_014,PRT_053,rail,763.19,1,17.54,1638,0.9218158234823948,0.324176252392176,0,3,0.39487969371324605,0.25180116134988745,0.003040573446311596,0.35264477594688004
E_0039,SUP_014,PRT_054,multimodal,2377.51,5,29.98,4417,0.9520305430977015,0.2916280252413405,2,1,0.22101233758570266,0.39596164830677216,0.009262688969792357,0.3120149318201958
E_0040,SUP_015,PRT_053,rail,665.98,1,7.22,3446,0.9591048384710003,0.1072026222401818,0,3,0.5106722486267647,0.3236739227317306,0.006654142994169533,0.413070354704622
E_0041,SUP_015,PRT_054,multimodal,2409.68,6,54.11,4993,0.9492293987210443,0.18737727315332287,1,1,0.4703492383224551,0.13861378807817634,0.003177044454329551,0.20496161451092593
E_0042,SUP_016,PRT_050,rail,793.75,1,17.06,2262,0.9596323357876322,0.33952331855339657,0,3,0.6514474975959936,0.4409055497564726,0.00701024214903766,0.4372886280429537
E_0043,SUP_016,PRT_041,rail,804.27,2,18.37,3698,0.8291267203232577,0.3504704686372553,0,1,0.6190760917759622,0.2141161353429266,0.004862643340567212,0.30711067019533367
E_0044,SUP_017,PRT_051,rail,743.27,1,16.44,1160,0.8258117492647541,0.13754291392934248,0,1,0.2163228387728343,0.44742060252811555,0.0015821820416361842,0.5823297934883008
E_0045,SUP_017,PRT_050,rail,850.17,2,4.68,842,0.9190695186187828,0.2721709641283961,0,2,0.4172979804293559,0.4095518622920626,0.006417310879136185,0.5570093159819384
E_0046,SUP_017,PRT_041,rail,858.15,2,11.9,2073,0.99,0.19497338734992253,0,3,0.26584671923601927,0.1936737787261943,0.008080753016389932,0.5883064825899131
E_0047,SUP_018,PRT_051,rail,521.01,1,5.43,2894,0.9593701992857514,0.39743756647062395,0,1,0.33447947291323554,0.2627887638537056,0.009023320140611562,0.20116841304854483
E_0048,SUP_018,PRT_040,rail,672.3,1,3.9,4857,0.8823844298393634,0.1784390850953572,0,3,0.4237340706612289,0.2897153681725042,0.006317806971439375,0.4148029953405433
E_0049,SUP_018,PRT_050,rail,855.08,2,18.88,1713,0.7345716218851206,0.433326828589205,0,1,0.3694303246693758,0.42103427183192516,0.006148437790323708,0.40506709038256655
E_0050,SUP_019,PRT_043,road,154.64,1,3.66,2300,0.8535377769196822,0.42728266749929905,2,1,0.37261157140084605,0.3029647754871236,0.008868002722166583,0.39741863213604744
E_0051,SUP_019,PRT_040,rail,880.02,2,16.76,1856,0.9682970436546262,0.47177067778924564,0,1,0.3972880377988232,0.26873127141553255,0.004699189677389913,0.563044401022622
E_0052,SUP_019,PRT_051,rail,986.28,2,19.02,3839,0.8041452773918132,0.3873716919274941,0,2,0.5606967255531441,0.44515220116496496,0.0010189345885829508,0.4870288498926377
E_0053,SUP_019,PRT_052,rail,998.54,2,21.56,4260,0.9823377432987115,0.34151818117975513,0,2,0.32834711415502293,0.3661168407912221,0.00820319391121066,0.4650658052237422
E_0054,SUP_020,PRT_043,road,62.39,1,1.06,1435,0.8894994426326156,0.1320720056327614,1,3,0.5749253822182331,0.26507013043335864,0.006814865575045567,0.45858003604984277
E_0055,SUP_020,PRT_040,rail,869.64,2,19.79,2496,0.9061481506367015,0.10405247361109736,0,2,0.2694356631982585,0.14629504267148216,0.0023888940875477147,0.2687393925308378
E_0056,SUP_021,PRT_043,road,179.94,1,3.57,2128,0.9046680803428382,0.15685484951738307,1,1,0.5474411868379796,0.3129970797748587,0.005039677645072374,0.23375695221781695
E_0057,SUP_021,PRT_040,rail,653.96,1,8.49,1736,0.8404172634618778,0.4232090519626212,0,3,0.3715836765863291,0.3916693950197792,0.006870624837327458,0.5382417451959627
E_0058,SUP_021,PRT_051,rail,740.77,1,13.96,3158,0.9064850296554926,0.44469699796731815,0,2,0.4232097582007911,0.419352136207341,0.008401801363014506,0.5430249350645134
E_0059,SUP_022,PRT_052,road,188.26,1,3.8,2570,0.835600747125577,0.22754672732845554,0,2,0.38502616733712763,0.11096812398906307,0.004536768028107621,0.4103250395493295
E_0060,SUP_022,PRT_043,rail,813.06,2,6.78,3480,0.8676626390421113,0.4047627280529662,2,3,0.2772298736116619,0.11017910396230035,0.006812401476578359,0.4547609269818973
E_0061,SUP_022,PRT_040,rail,1630.66,4,19.26,4046,0.9103529006620479,0.26385155795809284,0,1,0.2506299573075795,0.43885579587751405,0.005779768103967186,0.5366893446978704
E_0062,SUP_022,PRT_051,rail,1696.73,4,28.17,1554,0.8352317184062683,0.29423587986375915,0,3,0.46595635326213164,0.15431561882557487,0.0018937198247832366,0.283545628282296
E_0063,SUP_023,PRT_052,road,165.31,1,2.11,1757,0.9339248835571272,0.25817370719716576,0,2,0.5781068069750884,0.2834092035527563,0.0036032029477538912,0.5600332732065922
E_0064,SUP_023,PRT_043,rail,796.96,1,9.89,623,0.9557563523608589,0.34117715059178466,1,1,0.6920065816052321,0.2153621751274983,0.009650219368668337,0.35579275796096815
E_0065,SUP_023,PRT_040,rail,1602.08,4,20.36,1801,0.8732944408195192,0.3165630429390341,0,1,0.43893922401112123,0.31290301245959046,0.002515032603272172,0.2987629706670342
E_0066,SUP_023,PRT_051,rail,1661.99,4,36.18,1877,0.8369772998473409,0.12305903287960995,0,2,0.5386936607593584,0.19401488592153004,0.008476196594680692,0.4179310630180747
E_0067,SUP_024,PRT_052,road,75.08,1,1.25,1803,0.8503321921399107,0.49988552166236566,0,1,0.5131171607105319,0.2955591327169806,0.004616009205888919,0.5975393555598792
E_0068,SUP_024,PRT_043,rail,884.3,2,9.74,1737,0.99,0.18052484312897332,2,1,0.2739920736829174,0.44102311276062145,0.007397962450140873,0.5627771235339335
E_0069,SUP_025,PRT_054,road,342.28,1,8.31,1640,0.99,0.3396482340161301,0,2,0.46669331438268125,0.447987663859074,0.002175871094411166,0.516203917709954
E_0070,SUP_025,PRT_041,rail,1682.58,4,10.36,1707,0.9497257511884841,0.47761683753015916,2,1,0.6745560715447202,0.305160966458879,0.0018430517863531918,0.5018484886394367
E_0071,SUP_025,PRT_050,rail,1684.84,4,28.26,2110,0.8704311731165093,0.18128923643443492,2,3,0.39327025341151395,0.30451018488030046,0.005430929320010638,0.4309116116932525
E_0072,SUP_025,PRT_042,rail,1767.45,4,39.43,4302,0.99,0.40581111786188706,0,3,0.6780235718059665,0.18018980621136113,0.001983377892786593,0.5415847867821688
E_0073,SUP_026,PRT_054,road,162.43,1,2.89,4435,0.8730481739533207,0.19615295547979353,0,3,0.6417323814930304,0.2793276221477689,0.00559389240103809,0.4506370044372841
E_0074,SUP_026,PRT_042,rail,1583.59,3,37.26,3267,0.99,0.3577881108484135,0,2,0.36670366107955527,0.3932204759439974,0.005757202987499774,0.5173576057221391
E_0075,SUP_027,PRT_054,road,346.52,1,8.65,2811,0.936805648507795,0.49785945662399916,0,3,0.20115877395240694,0.11766477447113251,0.0040760416426308555,0.45316253227137365
E_0076,SUP_027,PRT_041,rail,1607.46,4,12.63,2267,0.9144466565286691,0.3800137091088418,1,3,0.24430235698483954,0.29505112386688437,0.0016988440120444457,0.36301721241297236
E_0077,SUP_027,PRT_050,rail,1609.6,4,8.84,1598,0.9116190973425332,0.23952821358779175,2,3,0.5160449147531211,0.33081626578476436,0.007279806484660866,0.20243549929593563
E_0078,SUP_027,PRT_042,rail,1772.78,4,12.44,857,0.8629384835471334,0.30024970722816713,0,2,0.32111560891228347,0.2913039536780894,0.0023067686159619427,0.4840440225686827
E_0079,SUP_028,PRT_042,rail,518.21,1,4.78,2842,0.8824444950684109,0.26052240968788487,0,3,0.664614026815927,0.2620410778110266,0.009154999019192474,0.3285982804991528
E_0080,SUP_028,PRT_054,rail,933.63,2,13.56,2868,0.7818137567275089,0.11346767128554909,0,3,0.37890704205677445,0.3591269783962114,0.0021062861061884883,0.5554636321061595
E_0081,SUP_028,PRT_050,multimodal,2129.06,5,47.56,2089,0.9206208706288089,0.1287103224906052,1,2,0.3209658401577648,0.38558105300263595,0.008402813149457771,0.5215834030210081
E_0082,SUP_028,PRT_041,multimodal,2143.49,5,34.87,2807,0.9313932773743013,0.20856375217868575,2,3,0.279312072263189,0.45279686788865436,0.008414002810910488,0.4886886210868717
E_0083,SUP_029,PRT_042,rail,529.19,1,10.57,1764,0.8592829099434002,0.30445165569489196,0,2,0.5575193594253419,0.3373943051903739,0.009061540533335556,0.4333066071252181
E_0084,SUP_029,PRT_054,rail,931.58,2,13.36,2937,0.9660078611734108,0.22650805989172274,0,3,0.6133573299655092,0.15197196981428052,0.006084859219077283,0.5466191926996348
E_0085,SUP_030,PRT_042,rail,1336.31,3,30.52,2688,0.830629582743128,0.2689538088737224,0,2,0.38865902698159643,0.4856313665960433,0.0018036057207301566,0.47480770660129706
E_0086,SUP_030,PRT_054,multimodal,2428.75,6,36.13,4399,0.99,0.10174530786012365,0,3,0.3271156918743478,0.4502044906210465,0.0026452651299121045,0.3113757633001738
E_0087,SUP_030,PRT_050,multimodal,2762.04,6,66.33,2129,0.9740972321793274,0.20758721263815438,1,3,0.5171698698556021,0.4997864992862523,0.0019432725849781493,0.39942831980228366
E_0088,SUP_031,PRT_042,rail,1248.85,3,18.74,1878,0.7846814350712178,0.2474828683459181,0,1,0.2261775100937362,0.40702705140716733,0.004748539887134911,0.5288719547265693
E_0089,SUP_031,PRT_054,multimodal,2293.22,5,50.47,4924,0.883243794748074,0.4479052706726843,0,2,0.6400783689607425,0.18629627167058166,0.007100318802790399,0.44310084890108903
E_0090,SUP_031,PRT_050,multimodal,2624.71,6,33.84,1275,0.99,0.22625093750534,2,1,0.5410969403133052,0.2872616565204122,0.0062125772983725,0.23413653459372993
E_0091,SUP_031,PRT_041,multimodal,2649.47,6,32.74,2596,0.9648049843242154,0.14460488492851056,1,2,0.47190286393311864,0.1399467284544713,0.007192399994524125,0.2967555534216584
E_0092,SUP_032,PRT_047,road,314.2,1,3.69,2505,0.91411898482901,0.11256872860450917,0,3,0.40214487362743456,0.31237507136483755,0.006356185074151134,0.20396952845113425
E_0093,SUP_032,PRT_048,rail,508.11,1,7.26,1239,0.906586390937367,0.11666272735307298,0,2,0.5387711337294766,0.2247455431667533,0.007965922403374863,0.509168592750446
E_0094,SUP_032,PRT_044,rail,509.94,1,7.87,3245,0.9185318412387187,0.1305539779965824,0,3,0.6035777686824413,0.1480828916482305,0.003390245496627455,0.20702094534665158
E_0095,SUP_033,PRT_047,road,214.76,1,2.54,4525,0.9878273888710618,0.18930535420207853,0,1,0.38586964745316515,0.10054145028618727,0.0036982047480871236,0.4585834966551722
E_0096,SUP_033,PRT_044,road,434.39,1,10.64,4902,0.9536175917821871,0.2831983036014286,0,2,0.2761638928313394,0.45978208501844064,0.007391218886182593,0.5749513752657283
E_0097,SUP_034,PRT_047,road,242.15,1,3.56,1602,0.954157310987163,0.12388659558835574,0,2,0.49110437988411554,0.4960835574350486,0.0031524290000401875,0.41229494211473433
E_0098,SUP_034,PRT_044,road,298.5,1,5.38,3902,0.7991868187861936,0.178333233653708,0,2,0.6480375558972866,0.4388777756134327,0.0038363233521929796,0.31049492999006123
E_0099,SUP_034,PRT_048,road,304.38,1,7.5,3931,0.8506910873568418,0.46256838556577473,0,3,0.5370651477680315,0.20396199169713314,0.004106729876447895,0.566994337252796
E_0100,SUP_035,PRT_046,rail,1866.4,4,26.88,3106,0.9132527154854826,0.3760386232951374,0,2,0.20392079538595842,0.35236871609166537,0.005029060828693766,0.2537099403609102
E_0101,SUP_035,PRT_045,rail,1885.75,4,45.56,2446,0.8693533269157949,0.40443532240955027,0,1,0.6745355981574219,0.4849240811951137,0.006588177311959373,0.5714641148059532
E_0102,SUP_035,PRT_044,multimodal,8940.1,22,126.89,2849,0.854903985995368,0.16629991192806237,2,1,0.44066668826783245,0.4590698690711827,0.007069140811211221,0.25479962522146854
E_0103,SUP_036,PRT_046,rail,1860.26,4,38.81,2046,0.8933573117205782,0.2567433185636316,0,2,0.25444665699051955,0.35461545870134176,0.005484124004493458,0.36266962799943325
E_0104,SUP_036,PRT_045,rail,1884.05,4,45.33,2993,0.7721500518493002,0.2747983542662484,0,3,0.28804773566529734,0.18558281547529476,0.0011172661098137538,0.20567601975830688
E_0105,SUP_036,PRT_044,multimodal,9297.29,23,193.87,4142,0.9369738132865555,0.24201642258078332,2,1,0.6800678022027236,0.3085838554885888,0.009795771171923534,0.5029240828537755
E_0106,SUP_036,PRT_048,multimodal,9329.21,23,206.03,3025,0.823080930427557,0.35624607341955494,1,3,0.5906744203072031,0.4840671138914982,0.007872211619799153,0.5420827940073479
E_0107,SUP_037,PRT_046,multimodal,8800.38,22,45.59,2136,0.9664681859423494,0.25079421677051206,1,2,0.6023765609948474,0.11842269367598256,0.008272713541202471,0.27115524961960935
E_0108,SUP_037,PRT_045,multimodal,8818.52,22,172.64,3337,0.8650624211167524,0.2923560586412036,1,1,0.20022139071860395,0.460553238656774,0.00238426322177447,0.5960345504269928
E_0109,SUP_038,PRT_047,road,495.45,1,12.32,4243,0.8947093908299342,0.3050880991250513,0,3,0.38586203320117163,0.25698327449179204,0.0077883847601232055,0.5673705728581634
E_0110,SUP_038,PRT_044,rail,897.46,2,21.56,4174,0.9626269731790313,0.4969769157499116,0,1,0.48203701441675884,0.2434313846099493,0.006909679663370885,0.29615956515740277
E_0111,SUP_038,PRT_048,rail,930.26,2,8.22,4199,0.7848180629511933,0.11100767405616613,0,3,0.31042639148150447,0.11557198533026698,0.0013241693646228376,0.27008870884233094
E_0112,SUP_039,PRT_054,rail,1593.24,3,16.97,3280,0.99,0.3253298568132187,2,1,0.45834919261313384,0.4035105015029301,0.003542464593755671,0.34122015664012095
E_0113,SUP_039,PRT_053,rail,1845.74,4,42.23,2679,0.8578302891667907,0.4292643322835437,0,3,0.47225288452461395,0.18178435442188473,0.003297781688535385,0.3182778696166417
E_0114,SUP_039,PRT_041,multimodal,2467.25,6,54.53,3471,0.7895112195268202,0.21809672099585686,2,3,0.45346021898091726,0.26376482872680734,0.008297907229071267,0.5343303711642063
E_0115,PRT_040,PRT_045,sea,10434.99,17,208.34,29991,0.9892574462606162,0.4763013029644291,1,2,0.4757975374000497,0.5503532334068227,0.009008229185568113,0.41298897054800143
E_0116,PRT_040,PRT_046,sea,10459.35,17,238.02,26964,0.9676512073572618,0.5660108394921259,1,1,0.6082829142411461,0.40900407243423537,0.00271024746001264,0.6892312651889331
E_0117,PRT_041,PRT_045,sea,11639.38,19,195.35,29540,0.8096218137354867,0.45197125612751365,1,1,0.841367190336711,0.2207603774349236,0.004484543223448034,0.424033815337102
E_0118,PRT_040,PRT_044,sea,8927.14,14,285.24,29624,0.9074134659003747,0.4514654528202146,1,2,0.8090133745693465,0.30112544243568024,0.005528701509244603,0.3501425903169542
E_0119,PRT_041,PRT_044,sea,9299.96,15,187.01,17214,0.9766811735929525,0.7033467598473696,1,1,0.5102442173445532,0.5049931537902211,0.009052123045014529,0.359840579810781
E_0120,PRT_042,PRT_044,sea,10527.5,17,225.51,20014,0.9266628616930639,0.43442337122642166,1,2,0.42121114910344587,0.3061304550221868,0.009820200430897713,0.41862396488237225
E_0121,PRT_043,PRT_045,sea,9615.66,16,302.25,21156,0.8325389978494895,0.5800458487216977,1,1,0.6569272321033839,0.40355622223642235,0.006800650012802034,0.6731699450278688
E_0122,PRT_043,PRT_046,sea,9639.55,16,335.7,30583,0.906277998644549,0.36256262857087346,1,1,0.8308454518936726,0.3096286357368764,0.012491921750267138,0.37809624118259677
E_0123,PRT_042,PRT_049,sea,5837.18,9,118.85,47125,0.9310190791394017,0.6325730971192027,1,1,0.8282686118739635,0.48046794463610387,0.011451737901000071,0.5248291177610284
E_0124,PRT_049,PRT_044,sea,5174.21,8,198.76,22112,0.8654149561930343,0.693102826130529,1,2,0.8532861053360814,0.20642474599240246,0.0121682264201862,0.34975313249652973
E_0125,PRT_047,PRT_044,sea,412.74,5,14.0,36400,0.90064501487628,0.7851285548630285,1,1,0.44875716282044875,0.4235922536399096,0.008514142443408562,0.5824772731853434
E_0126,PRT_048,PRT_044,sea,78.03,5,2.03,48055,0.9203531579314088,0.659226973661275,1,2,0.4592461793842003,0.5846053355932339,0.011287339927145777,0.6809868466751386
E_0127,PRT_040,PRT_042,sea,3805.71,6,63.94,42298,0.8869839430263277,0.7326478794544562,1,2,0.7385762062288368,0.4500116744340823,0.006115145648482309,0.6265643139860122
E_0128,PRT_041,PRT_042,sea,2603.17,5,65.2,21889,0.9234873424420524,0.4438163645218391,1,1,0.4957138402497713,0.364662184182681,0.01415492761390395,0.47221608380287594
E_0129,PRT_042,PRT_043,sea,4579.82,7,166.43,33620,0.8880117736277934,0.3341766001549793,1,1,0.5779273796296057,0.23356781432857177,0.006335013716748136,0.5710163782014136
E_0130,PRT_050,PRT_045,sea,11649.69,19,141.7,22253,0.9470528381746319,0.6208671986492791,1,2,0.766743373246052,0.2464763826101784,0.012152946616994889,0.614107524606406
E_0131,PRT_050,PRT_044,sea,9326.42,15,261.45,32931,0.9123257860522073,0.4389263880448561,1,2,0.8706362241209258,0.5658924459826015,0.002149248576741912,0.48004661058992437
E_0132,PRT_051,PRT_044,sea,9056.51,15,356.04,20561,0.99,0.6522772140137226,1,1,0.5022202869747734,0.4078817051577937,0.0029625488328605238,0.5421930676857618
E_0133,PRT_052,PRT_045,sea,8819.6,14,224.93,24114,0.8893319593740859,0.43426687803380365,1,2,0.6748031342653784,0.47591153969924843,0.003871244876439001,0.5381438645034416
E_0134,PRT_052,PRT_046,sea,8841.67,14,134.07,11518,0.9158307862362853,0.3460334930412377,1,2,0.6290111058341294,0.23683810129316094,0.009193927209647195,0.5566527635309418
E_0135,PRT_053,PRT_044,sea,6876.68,11,213.96,44510,0.929284629487053,0.5818299855143811,1,1,0.7533149349393549,0.44400296683179424,0.0060677961247774265,0.4084385015056263
E_0136,PRT_053,PRT_049,sea,1935.05,5,54.05,39084,0.99,0.4065425043424041,1,1,0.8414969124148866,0.28105305365413724,0.009638616324422224,0.5804558377669894
E_0137,PRT_054,PRT_042,sea,1427.44,5,43.4,47164,0.8711218937263657,0.5914630284021316,1,1,0.670995037444883,0.5758606045174033,0.004866288015152953,0.5902903641456413
E_0138,PRT_040,PRT_052,sea,1754.66,5,50.04,34351,0.9523148684701787,0.5490201965284345,1,1,0.6167913963163072,0.23705019322054688,0.011728996545791006,0.6658194655394235
E_0139,PRT_040,PRT_043,sea,832.79,5,19.17,39315,0.8641165036494004,0.5172016595033049,1,1,0.6191924900153807,0.5985049146099507,0.004979235365784107,0.5187503863504178
E_0140,PRT_041,PRT_050,sea,26.95,5,0.81,14017,0.8948512614724329,0.3996351682334004,1,1,0.42500928841055613,0.5646085173301266,0.002383552716887677,0.4423884129953577
E_0141,PRT_044,PRT_047,sea,412.74,5,4.32,15039,0.933174360766553,0.7555841425900396,1,1,0.6294702582984102,0.49309338991446605,0.009887512421326673,0.5691486674392319
E_0142,PRT_045,PRT_046,sea,31.47,5,0.39,36249,0.9064689710236032,0.546750496077204,1,1,0.6721269830568488,0.28011280714705034,0.010018186902083035,0.5971525974671755
E_0143,PRT_045,WH_055,road,74.56,1,1.16,4821,0.9646294758557177,0.18744872227711687,0,3,0.3484451753720511,0.37622998253900725,0.0050911423683019826,0.36149958297671403
E_0144,PRT_046,WH_055,road,104.0,1,0.79,3843,0.9699664855619877,0.2913862788054217,0,3,0.3710405334813349,0.2327636544444237,0.005545256272038172,0.480884186440678
E_0145,PRT_045,WH_056,multimodal,2815.27,5,11.51,1062,0.9081461504557211,0.18771493312365795,0,4,0.4395381600317756,0.16032961823280026,0.0051316286140562495,0.32228985739389676
E_0146,PRT_046,WH_056,multimodal,2826.01,5,31.04,3135,0.8953438588800114,0.29655211435730144,0,2,0.5696107481702931,0.13356418496473715,0.004614970717530278,0.4359567147172541
E_0147,PRT_046,WH_057,rail,1948.9,3,37.07,1241,0.99,0.36450718355305245,0,2,0.5305952360783049,0.23386036629326312,0.006640911728324831,0.20238932142363536
E_0148,PRT_045,WH_057,rail,1953.36,3,36.56,3330,0.99,0.2070657925513331,0,4,0.23065432259009955,0.3617907407640506,0.006796817803044399,0.2648180348734299
E_0149,PRT_045,WH_058,multimodal,3868.07,7,64.82,2571,0.9822339790368394,0.28966497932618473,0,2,0.40225366136878354,0.3823362437601021,0.007134236031996181,0.23077038877507694
E_0150,PRT_046,WH_058,multimodal,3876.29,7,37.51,3156,0.8499663004440718,0.35764503135044645,0,3,0.5537506188091885,0.20343442602179412,0.004232904368925773,0.3243548194450377
E_0151,PRT_045,WH_059,multimodal,3208.05,6,10.35,3504,0.9207166029922078,0.14810962183592297,0,2,0.3644374435521759,0.3165787682547039,0.0036936253205477228,0.34681293469120106
E_0152,PRT_046,WH_059,multimodal,3208.05,6,33.05,4318,0.9256052473412258,0.1484088403166151,0,2,0.33809198146798897,0.2242602776715491,0.00612689705368868,0.46449874469981384
E_0153,PRT_044,WH_060,road,369.72,1,1.87,7126,0.99,0.13160364534439997,0,3,0.40768982831208206,0.2823258049286958,0.0027174661991634774,0.21731964776753518
E_0154,PRT_048,WH_060,road,384.78,1,3.71,1146,0.9799417648355678,0.2715736611551802,0,4,0.4227513772688383,0.2247325310569966,0.00400261033401101,0.36227150115142426
E_0155,PRT_047,WH_060,rail,740.88,1,10.99,7318,0.8805036987355871,0.32607838922372595,0,2,0.40004510083065076,0.2235874285102306,0.00709368876388569,0.3894256763655129
E_0156,PRT_048,WH_061,road,151.19,1,1.82,1204,0.9178899302843979,0.37993817032249255,0,4,0.25713678592573275,0.30762209410731073,0.002443764796853068,0.3175578119564078
E_0157,PRT_044,WH_061,road,178.47,1,3.25,6126,0.99,0.3318960163916761,0,4,0.3677086644664088,0.10543721231371893,0.0065493067950096896,0.22071377189437993
E_0158,PRT_047,WH_061,road,374.34,1,4.14,7684,0.99,0.17598171505681454,0,2,0.49252660788131847,0.3091826257161571,0.006268468058502852,0.33951657449019335
E_0159,PRT_048,WH_062,road,254.4,1,4.54,3472,0.9698429386732904,0.24552839799386209,0,4,0.3142035120474046,0.259473219032498,0.004573932567865367,0.446179627302976
E_0160,PRT_044,WH_062,road,312.32,1,3.08,5994,0.9181593246910859,0.29433226988510264,0,3,0.5607096114184914,0.16104182274927878,0.0014688152841769006,0.4632051359398516
E_0161,PRT_047,WH_062,rail,713.52,1,6.86,7328,0.9100761742462122,0.3229244618894141,0,4,0.22662589116568915,0.2944954022356287,0.0015187379580240696,0.31264067853995015
E_0162,PRT_052,WH_063,road,80.77,1,1.35,3382,0.9166496429028246,0.12100105363991974,0,3,0.3490133095038203,0.1206141033171883,0.003587019395987412,0.3392715559217675
E_0163,PRT_043,WH_063,rail,1018.16,2,15.56,4193,0.8914312889275045,0.20498348185889195,0,4,0.35169061487217956,0.34941031186659105,0.006896278533249539,0.3119723469137702
E_0164,PRT_040,WH_063,rail,1801.87,3,24.76,2505,0.9334266993232405,0.11993899773288165,0,2,0.43348543509254556,0.3345879931473878,0.006262228946770883,0.44090062158735116
E_0165,PRT_045,WH_065,multimodal,3427.46,6,40.47,4792,0.99,0.10438847766330273,0,4,0.4481895140207882,0.32267595615972616,0.0021891670423551473,0.2584925599700868
E_0166,PRT_046,WH_065,multimodal,3439.57,6,62.38,3972,0.89558100893685,0.2816235272522762,0,2,0.46165309481114947,0.36673837718200303,0.005051647281583584,0.38971739729851623
E_0167,PRT_046,WH_066,multimodal,3827.94,7,21.67,2705,0.8855261087608215,0.22449136462002348,0,4,0.3083770793265462,0.1606762541573605,0.003196787657570909,0.27245018839785007
E_0168,PRT_045,WH_066,multimodal,3834.39,7,25.51,2629,0.9399491664395292,0.3237260137228378,0,2,0.4338672360663299,0.14009517442315542,0.0041070143189491076,0.33523288516590916
E_0169,PRT_045,WH_067,rail,1607.05,3,31.01,6488,0.9527801956436713,0.18158381182553465,0,3,0.413300559711641,0.2910285151132982,0.006237629819323271,0.2675125628512616
E_0170,PRT_046,WH_067,rail,1638.45,3,19.64,7111,0.9498614109126693,0.1656146838993782,0,4,0.30585401077014296,0.2985906834381606,0.006704578099783774,0.43340757294339594
E_0171,PRT_046,WH_068,rail,639.73,1,10.19,5933,0.87258259978879,0.33601250221219275,0,3,0.47957953139495424,0.21050416413830542,0.004026423584823431,0.20934472783801733
E_0172,PRT_045,WH_068,rail,646.65,1,4.79,2093,0.9667696026899064,0.3472980675637808,0,3,0.4667389565222632,0.1969082037262282,0.007285434308703661,0.46643545668021075
E_0173,PRT_045,WH_069,rail,1374.94,2,11.73,5550,0.9097953351492207,0.3988473020496337,0,3,0.23773097051641745,0.32440142091142105,0.006688995339251434,0.4120513567341623
E_0174,PRT_046,WH_069,rail,1385.25,2,26.93,7170,0.9578394339993491,0.3574069813021688,0,2,0.3863303012892499,0.2713486895867083,0.0031282119071359975,0.2954313340710416
E_0175,PRT_040,WH_070,road,94.96,1,1.84,3506,0.9506234397006802,0.20812804814244584,0,4,0.3624047206824442,0.10410956512267437,0.0015615557251899986,0.2936589104652811
E_0176,PRT_051,WH_070,road,240.72,1,0.79,4486,0.9511034995153025,0.32869078735028806,0,4,0.5348478511322609,0.28585786001089103,0.004943767454988481,0.3873842144343595
E_0177,PRT_043,WH_070,rail,828.06,1,14.65,7281,0.9864466659767706,0.21717808227453467,0,2,0.4553288959167306,0.319901085888506,0.005732877783118032,0.2415306479988183
E_0178,PRT_042,WH_071,road,122.41,1,1.57,3258,0.9042796994223202,0.2114457830978303,0,2,0.4532290613998052,0.24078556819773714,0.004101415536312948,0.3482443011913648
E_0179,PRT_054,WH_071,rail,1539.25,3,27.15,3217,0.9679144214852501,0.31453004838511006,0,2,0.4016015054385304,0.38476020795426746,0.00682982331308353,0.30872939678474876
E_0180,PRT_050,WH_071,multimodal,2641.25,5,46.7,7614,0.9301027308012824,0.11631722455669337,0,4,0.4788543223567237,0.2945916870306447,0.0029270174941630213,0.2468619706059866
E_0181,PRT_049,WH_072,road,84.78,1,1.17,7336,0.9526194358121783,0.1538068030867723,0,3,0.38206879669346255,0.3003281774809459,0.006861569558391055,0.25091852857307695
E_0182,PRT_053,WH_072,rail,1921.04,3,6.39,2135,0.8203390588294693,0.30571016288009323,0,3,0.4143740315408473,0.24654868979797165,0.0038132103992351107,0.24610731285326137
E_0183,PRT_047,WH_072,multimodal,4844.7,9,61.69,3789,0.8174825839218776,0.2927732830970902,0,3,0.433276321710839,0.2778520541524331,0.00348447262613907,0.21559680559331226
E_0184,PRT_053,WH_073,road,110.52,1,0.39,5391,0.9282159165950506,0.28489434766986893,0,4,0.5531659266074889,0.29771362303966975,0.002478622820310517,0.45889904940766163
E_0185,PRT_049,WH_073,rail,1920.15,3,34.68,1943,0.9146790559998507,0.2126323329003738,0,4,0.31460781957084916,0.34079209370587893,0.007980665299325219,0.20900780159881785
E_0186,PRT_054,WH_073,multimodal,2989.02,5,54.57,6870,0.99,0.3822319899068503,0,2,0.22495762743931091,0.20058371502348873,0.0014691157642584699,0.4926029400437212
E_0187,PRT_046,WH_074,rail,1983.23,3,33.49,4135,0.99,0.3675679309769688,0,2,0.23404139444791414,0.21567927775400003,0.0014972442233080149,0.2632379304650086
E_0188,PRT_045,WH_074,multimodal,2004.22,4,13.83,3323,0.914419883457855,0.2589643783265579,0,2,0.5037170027673894,0.39032843958086866,0.00407818340555536,0.283510544498797
E_0189,PRT_052,WH_075,multimodal,4983.05,9,82.57,1109,0.8814491290817376,0.2891742824749277,0,2,0.29300239688313245,0.1389036934672706,0.002795241427117362,0.30659592454216633
E_0190,WH_056,CUS_080,road,509.71,1,3.02,535,0.9638011786334225,0.0867304808959427,0,5,0.13059198219972523,0.39601873045025465,0.0017211468359255475,0.12957487810672372
E_0191,WH_057,CUS_081,road,563.1,1,3.34,2511,0.9177030778756671,0.20430470146947521,0,3,0.15485939526109727,0.2742097253662855,0.002774789421754388,0.1432236358039599
E_0192,WH_056,CUS_081,road,854.88,1,8.64,2351,0.9061341500453455,0.16489601430340578,0,4,0.25828318542951706,0.3145559364340724,0.0017686356930712813,0.20914289234228006
E_0193,WH_069,CUS_081,road,894.74,1,4.01,1612,0.9390137087707402,0.19357189377255274,0,4,0.49670915239169977,0.29926051392153574,0.0013966067948374134,0.11348843247746535
E_0194,WH_056,CUS_082,road,482.54,1,6.24,2940,0.85,0.21401375549392598,0,5,0.2932723453254674,0.3514691263245402,0.0021263170058023386,0.35793840244349373
E_0195,WH_057,CUS_082,road,944.26,1,6.88,1962,0.99,0.2246326563022843,0,4,0.4049787834699474,0.1378006083591983,0.0013838864714240783,0.3854334476989276
E_0196,WH_059,CUS_082,multimodal,1040.14,1,4.45,1478,0.9437723431571585,0.2674015206186944,0,3,0.1919306903190474,0.2657986803330245,0.0021747796486110372,0.29850017788875677
E_0197,WH_057,CUS_083,road,380.5,1,1.41,2667,0.99,0.09631758884583093,0,3,0.4417043155989343,0.24722950201370816,0.0023295055271364694,0.3709572336503288
E_0198,WH_059,CUS_083,road,973.66,1,9.59,2969,0.9426997472498909,0.0857502806664316,0,3,0.2011193776063092,0.38166848801238257,0.004522933422711324,0.20124409770246948
E_0199,WH_057,CUS_084,road,578.0,1,7.51,1778,0.957803458854136,0.13441232549980864,0,5,0.36910584576498673,0.16615127903069415,0.0014819339054847752,0.3622215319915556
E_0200,WH_069,CUS_084,road,791.9,1,4.15,2935,0.9613926934538364,0.23756644098471058,0,3,0.20614804464079017,0.2663012423021035,0.0013977739171832382,0.18818473030506927
E_0201,WH_056,CUS_084,road,873.61,1,4.44,2254,0.9891592200995625,0.06001477976267362,0,3,0.3439766234384207,0.37735674061957003,0.0040361569046076795,0.2769843648405427
E_0202,WH_069,CUS_085,road,629.61,1,5.08,1996,0.9745811963416318,0.24010607792061794,0,4,0.33876427621866245,0.3998673109751316,0.003962520023369213,0.21935971090522818
E_0203,WH_069,CUS_086,road,615.9,1,5.04,1694,0.99,0.057615921577240034,0,2,0.11818100017431839,0.2939801331845986,0.0015203353298312507,0.3010097613422701
E_0204,WH_057,CUS_086,road,689.22,1,5.57,1064,0.8566354824200564,0.25979509874507467,0,2,0.41840296097091334,0.3261202211284014,0.0014697534149039797,0.20080211769703266
E_0205,WH_057,CUS_087,road,717.44,1,8.65,1516,0.99,0.2020798750019429,0,5,0.4689469938680412,0.30868739570621745,0.003248468288082674,0.15995238138458187
E_0206,WH_057,CUS_088,road,476.65,1,5.61,2820,0.9511447676826367,0.2641233506906434,0,5,0.47165788688467497,0.21619675539259423,0.0007977433497549821,0.10574664566537588
E_0207,WH_069,CUS_088,road,640.52,1,8.17,1321,0.8829066564193814,0.07188716600694516,0,2,0.19377024000460588,0.20352512365397013,0.0006354674249509352,0.38844769737223367
E_0208,WH_056,CUS_088,multimodal,1061.03,1,11.33,2374,0.988338020320726,0.21334587461967014,0,5,0.2270198801030354,0.3544327705046891,0.004762226583051116,0.36545653530880134
E_0209,WH_057,CUS_089,road,375.89,1,2.11,2605,0.99,0.1639047891093129,0,3,0.38641998929685784,0.3118738487665787,0.003302102934274089,0.3970326538260598
E_0210,WH_059,CUS_089,road,928.78,1,5.62,1878,0.9228599998071165,0.2623835538719753,0,3,0.2373546808710577,0.35037153707668833,0.004709680310873731,0.1557199216015557
E_0211,WH_057,CUS_090,road,157.11,1,2.21,1422,0.9071812762834764,0.07309013202784463,0,5,0.3840530562258149,0.18188499841944636,0.0020364137132193425,0.23463364119838445
E_0212,WH_069,CUS_090,road,797.73,1,11.07,2102,0.9325241536735206,0.2154784081592529,0,3,0.35900658593734525,0.18191218579834204,0.00129736625455036,0.1882800209911343
E_0213,WH_056,CUS_091,road,289.94,1,3.43,770,0.8747810702513943,0.1655977942281352,0,2,0.3654094375653809,0.22335924666476376,0.002310828166846903,0.36537606646888415
E_0214,WH_065,CUS_091,road,910.12,1,12.42,1994,0.8982666062779865,0.07676429463854652,0,3,0.17624393322977994,0.1553897372042108,0.0020394842938861735,0.22898728593394654
E_0215,WH_069,CUS_091,multimodal,1151.54,1,14.74,1992,0.8974813337590002,0.23373146184872357,0,2,0.1467694142101566,0.3046459484684905,0.004774548507107342,0.14112683742362697
E_0216,WH_057,CUS_092,road,228.36,1,1.74,1483,0.9449137375416079,0.2756032583215259,0,5,0.1871634833008054,0.10455306468604808,0.003116376975119093,0.13175597076337267
E_0217,WH_069,CUS_092,road,742.1,1,9.91,1371,0.8996534399533268,0.21425762455852682,0,4,0.26434283673619857,0.26817394270031464,0.004741966296349837,0.12482021188710124
E_0218,WH_068,CUS_092,multimodal,1107.85,1,5.87,691,0.9470887514028674,0.16599542454172184,0,5,0.13686718338897294,0.27552353266186097,0.0015182386286746994,0.36870938895981176
E_0219,WH_069,CUS_093,road,592.81,1,6.88,2223,0.9035178359138437,0.20423600684612547,0,4,0.3129167503805818,0.13097950266251454,0.0012763574462586293,0.27039228919482416
E_0220,WH_056,CUS_093,road,876.08,1,5.13,1968,0.9216129252604282,0.24839266363470042,0,4,0.48788945311919085,0.22937016093746737,0.002063834578911896,0.11510485809080598
E_0221,WH_056,CUS_094,road,651.9,1,7.17,1962,0.8789705638718527,0.10456496817343237,0,2,0.3455881225300931,0.17585743547503338,0.003099342894549902,0.2077626240948071
E_0222,WH_056,CUS_095,road,463.45,1,5.42,521,0.8534276052860864,0.14063994913977362,0,4,0.12071435549312676,0.2671931725942926,0.0012021611510298963,0.3503772857785817
E_0223,WH_069,CUS_096,road,599.14,1,8.31,662,0.9268560224763377,0.105309674111516,0,4,0.15583954694392005,0.2729417312673262,0.003928476253380998,0.3344516943226547
E_0224,WH_056,CUS_096,road,843.4,1,4.71,1515,0.9476169555970022,0.1828930381716828,0,3,0.4748435779678708,0.1935406410867306,0.0016239747310093392,0.29624804628582957
E_0225,WH_057,CUS_097,road,429.6,1,6.28,1772,0.9579687488514013,0.22868831911098647,0,2,0.18959301834603248,0.17174276363035698,0.002805351560991863,0.3320716305192161
E_0226,WH_069,CUS_097,road,761.61,1,1.96,2966,0.931341911089142,0.18766584486021287,0,5,0.4760732765008331,0.11403575349153057,0.0019384342488142816,0.23145301499990661
E_0227,WH_061,CUS_098,road,546.16,1,2.91,1588,0.9147885422373943,0.16102881162408306,0,5,0.2652690068830878,0.3027468775312221,0.003461719209339081,0.1210324418923771
E_0228,WH_062,CUS_098,road,892.5,1,6.37,1307,0.952698130450007,0.060478804179064385,0,2,0.18803547074855465,0.25548285293429396,0.0036955164485177575,0.1287187164233192
E_0229,WH_060,CUS_098,multimodal,1075.23,1,6.59,670,0.9266855838246995,0.11558574169523643,0,4,0.18817840169816757,0.3658545316388036,0.004704368513753707,0.3749261633596199
E_0230,WH_061,CUS_099,road,576.09,1,3.52,1981,0.9312230429630597,0.24524096591110883,0,4,0.39259858561725564,0.3473414552813648,0.0011589631547126726,0.34987891467226845
E_0231,WH_062,CUS_099,road,936.08,1,8.45,2157,0.9364432119792494,0.1092861164944278,0,5,0.251616194153214,0.37451821975516675,0.001630261703967806,0.353263697585843
E_0232,WH_061,CUS_100,road,501.5,1,4.35,2264,0.9342416642484795,0.2710887876139384,0,4,0.20879944213774243,0.10191371302197721,0.004902596541755855,0.38972416294592427
E_0233,WH_060,CUS_100,road,570.72,1,4.07,1308,0.948119684517443,0.10272155692019704,0,5,0.36843726283439043,0.3416290129137938,0.004760403101115084,0.22006368275490162
E_0234,WH_061,CUS_101,road,403.43,1,2.2,2038,0.85,0.12612313318723772,0,2,0.17247331162003313,0.28682602097195237,0.0015020423560538824,0.19216492510638128
E_0235,WH_062,CUS_101,road,718.46,1,6.54,529,0.8853307306606837,0.24407261937898694,0,3,0.16837456096833933,0.2254434364488399,0.0039077734022397535,0.36938939405433663
E_0236,WH_060,CUS_101,road,936.79,1,2.9,1837,0.9833309297386487,0.06309782389871531,0,4,0.34097977678663516,0.14890573414446587,0.0015521577489187887,0.10711232609335553
E_0237,WH_061,CUS_102,road,530.15,1,7.6,1971,0.9173437302815005,0.11997316306160673,0,3,0.47058551918247393,0.22588821484204313,0.0007278011252108336,0.11181755010784583
E_0238,WH_061,CUS_103,road,656.09,1,1.39,982,0.9429072209731736,0.05282563414725562,0,5,0.2254826048208261,0.1743620076185271,0.0036397233839898188,0.20923383250314986
E_0239,WH_060,CUS_104,road,516.0,1,1.07,1326,0.9235402742175127,0.1838419852954128,0,4,0.20859680101708455,0.37127298742226955,0.002186248867283194,0.2649605688328616
E_0240,WH_062,CUS_104,road,850.87,1,2.26,2559,0.8935227003337501,0.10544549454807965,0,2,0.1904316284042251,0.34519159366397106,0.0046867928907619654,0.1286082763819011
E_0241,WH_061,CUS_104,road,990.03,1,7.77,2384,0.9276436987357692,0.2066142549192318,0,2,0.1334099658720075,0.16333778276741123,0.003886107519139225,0.11538815469436468
E_0242,WH_060,CUS_105,road,33.22,1,0.26,694,0.99,0.18819059200839577,0,2,0.32879835131343715,0.34162969878999594,0.003920724184055716,0.14616997140813212
E_0243,WH_060,CUS_106,road,660.46,1,3.62,1687,0.9337584093322726,0.1519289426663063,0,5,0.37187888673333813,0.11700412964975063,0.0006560271690172987,0.21757316888317274
E_0244,WH_060,CUS_107,road,451.38,1,5.61,1329,0.8894342345988935,0.08052787898107198,0,4,0.2645215888264925,0.17215947555404462,0.0035257272948126667,0.3478194053644857
E_0245,WH_062,CUS_107,road,668.53,1,7.19,887,0.8962625367161434,0.07639788649416,0,2,0.16252678828354436,0.3213852842192777,0.002122135273136993,0.3013812475687398
E_0246,WH_061,CUS_107,road,969.37,1,5.35,2325,0.937800754267964,0.17615475615192389,0,5,0.49091197302657896,0.3381454311724119,0.0034674033293689895,0.27334211507532546
E_0247,WH_060,CUS_108,road,188.13,1,1.94,2130,0.9213671168432156,0.16692030312121925,0,3,0.2737445992564871,0.23393257653896465,0.003284474346684523,0.29960956252567134
E_0248,WH_063,CUS_109,road,348.11,1,0.8,1426,0.9771218028402276,0.18904767315750293,0,5,0.341276866245867,0.25708016414578355,0.0016411285264836615,0.2412850176317544
E_0249,WH_070,CUS_109,multimodal,1473.26,2,12.37,820,0.961713134050827,0.21302326547041267,0,2,0.4061453455432163,0.17590790227607597,0.004395030724274916,0.130852777647243
E_0250,WH_063,CUS_110,road,247.16,1,1.42,1317,0.9760159435358025,0.13108234433787952,0,3,0.4558306473321969,0.3831784850429374,0.003946230676557094,0.10162147710180097
E_0251,WH_070,CUS_110,multimodal,1797.17,2,3.63,2119,0.9580490127727402,0.11898067359513671,0,2,0.10735445686063892,0.23922000682135144,0.004743778538331372,0.19714587247072946
E_0252,WH_063,CUS_111,road,332.89,1,3.49,2850,0.9829154697197157,0.061249205308856094,0,2,0.4987636874357422,0.1550357203450688,0.0031736383824040593,0.22341237142377685
E_0253,WH_063,CUS_112,road,320.3,1,2.58,700,0.9530174743773524,0.20568307057320834,0,2,0.20343663645391363,0.10835567224632232,0.00334118896721713,0.22791950704048677
E_0254,WH_064,CUS_113,multimodal,1913.65,3,11.19,2194,0.9231856511418804,0.2514947252168959,0,2,0.3307524805244834,0.26917587002668714,0.0027512534084349217,0.12081822577125502
E_0255,WH_075,CUS_113,multimodal,3884.4,6,12.31,2251,0.99,0.13523964285888956,0,5,0.4452036184268908,0.14520624610025015,0.004332174436868986,0.3974360703528377
E_0256,WH_064,CUS_114,multimodal,1452.14,2,12.82,1879,0.8763142588882268,0.2593827085190139,0,5,0.4783698576128346,0.18874722924896084,0.0005050044238828433,0.1815863678194596
E_0257,WH_075,CUS_114,multimodal,3697.86,6,17.87,2278,0.9749670766895329,0.19836534567618097,0,4,0.11698796370261327,0.30538785827948994,0.004562174797004103,0.3511789021415527
E_0258,WH_064,CUS_115,multimodal,2009.6,3,12.97,2323,0.9366642551548446,0.1295655103464315,0,4,0.2608108867552963,0.3186817600315472,0.0040091939780453065,0.13546558668732658
E_0259,WH_067,CUS_116,multimodal,1472.3,2,3.21,1878,0.85,0.13914904399655142,0,4,0.15928698483972986,0.12762962625987695,0.004168743489907521,0.3683213165945522
E_0260,WH_067,CUS_117,multimodal,1711.5,2,23.42,825,0.9222505794055803,0.2165669653697596,0,2,0.2554905391506187,0.17208973703511005,0.0009273437385276944,0.19447553337666873
E_0261,WH_056,CUS_117,multimodal,1882.66,3,6.13,2458,0.9877968853945998,0.29683403964488647,0,5,0.26189002553186347,0.12629495085839598,0.0007961529231075942,0.36739546190808964
E_0262,WH_069,CUS_117,multimodal,1983.46,3,15.93,2605,0.8605063929255902,0.172258943826905,0,5,0.37287667570203953,0.19457183039483528,0.0010994446586148291,0.2897188769396526
E_0263,WH_067,CUS_118,road,996.2,1,10.63,2759,0.9297015926035429,0.2251528740986129,0,2,0.42163826785343717,0.22778131254008185,0.004976078743384193,0.12775013138168914
E_0264,WH_069,CUS_118,multimodal,1617.47,2,19.64,2432,0.99,0.26248983262580133,0,4,0.19041327871546085,0.26531528598847975,0.0028560361078843514,0.18467874112387986
E_0265,WH_056,CUS_118,multimodal,2071.78,3,12.17,1423,0.8994096202725659,0.2428780154996219,0,5,0.12281076560144776,0.1316450282383107,0.0031351445774267564,0.2633034662902964
E_0266,WH_067,CUS_119,multimodal,1522.26,2,4.0,1565,0.99,0.11307798176742177,0,3,0.3611798632551369,0.1461758529348715,0.004896642544453292,0.2634316680948367
E_0267,WH_069,CUS_119,multimodal,2259.48,3,8.5,2466,0.9392212520369161,0.14120561755194966,0,4,0.4630941732710051,0.39896969688669476,0.003651943096204268,0.331134166322197
E_0268,WH_061,CUS_120,road,355.52,1,5.06,1944,0.8989452316933643,0.21891572555176825,0,4,0.47225699054078396,0.30283150774430556,0.0018825753283147424,0.2110073572428448
E_0269,WH_062,CUS_120,road,370.68,1,3.39,2976,0.989200022908766,0.08011183499914136,0,5,0.33189246645367687,0.20368749807292047,0.004170962320857983,0.24001842813038515
E_0270,WH_060,CUS_120,road,690.14,1,2.07,2881,0.9399541284369815,0.0765843243370568,0,3,0.24189142269208508,0.22021125005034,0.0010181578027784052,0.3649820804278672
E_0271,WH_062,CUS_121,road,325.3,1,0.65,1006,0.9111172802801748,0.21492256823261857,0,5,0.2829772223479553,0.2190843918802879,0.0025492241096627343,0.22448813082390418
E_0272,WH_060,CUS_121,road,400.09,1,4.6,2372,0.99,0.19543416185529666,0,3,0.4472677181306017,0.18920845939254172,0.0012314209436091854,0.302686392879473
E_0273,WH_061,CUS_121,road,694.86,1,1.73,1143,0.9183087064894934,0.1022077338736475,0,3,0.1859666125546877,0.1125892220330903,0.0021364041151375234,0.12957826907258096
E_0274,WH_062,CUS_122,road,306.52,1,1.63,2839,0.9073513102183214,0.19146264007831165,0,3,0.15934413491580673,0.15162580973578793,0.004454461624068116,0.2675056945192341
E_0275,WH_062,CUS_123,road,142.21,1,1.08,2807,0.9431257225187858,0.20360000185783095,0,4,0.4758274356100663,0.3265400852335588,0.003139807632276482,0.3485316012816973
E_0276,WH_060,CUS_123,road,276.34,1,0.84,1589,0.9838064164688092,0.24586739001231694,0,2,0.178078865828753,0.3035473505951744,0.001953948657498518,0.3963248617297566
E_0277,WH_061,CUS_123,road,500.96,1,3.12,2937,0.9573402199978737,0.2305165160509463,0,5,0.42067371727652203,0.24085559960369013,0.0024019521520503126,0.39869135007844253
E_0278,WH_070,CUS_124,multimodal,1409.15,2,15.13,2580,0.9559478073448895,0.2044828899615745,0,4,0.4930085089024155,0.1258396417191041,0.004164740506709426,0.18410042576542376
E_0279,WH_063,CUS_124,multimodal,3119.25,5,11.6,770,0.9204304306800362,0.2025943738295819,0,4,0.25238073800939004,0.1163696224848097,0.003197575128464225,0.3707209828332025
E_0280,WH_070,CUS_125,multimodal,1843.64,3,8.87,2911,0.9530336340859169,0.1382757222345974,0,2,0.12724360988940903,0.165452298877982,0.004709201725882028,0.23983488779754672
E_0281,WH_073,CUS_125,multimodal,3248.5,5,25.31,2090,0.9883339127029425,0.11184993676458645,0,4,0.3164455299515379,0.28152685556216156,0.0014921943773663717,0.287695236828183
E_0282,WH_070,CUS_126,multimodal,2029.41,3,4.61,2963,0.9599635918021329,0.12084101722277955,0,4,0.1907090501278583,0.2999565930079105,0.0008604757697432101,0.2325501114405864
E_0283,WH_078,CUS_127,multimodal,4878.07,8,18.82,1277,0.9625383981673296,0.10057348728955091,0,4,0.33920364693149985,0.2155307808469089,0.004346626004596677,0.3857245917989931
E_0284,WH_066,CUS_127,multimodal,5425.88,9,73.18,2669,0.9407527619896239,0.06551035423913858,0,2,0.32131625584920004,0.2561348212495858,0.00497561895065867,0.16055255060912746
E_0285,WH_059,CUS_127,multimodal,6347.55,10,33.99,1516,0.8931338261072975,0.27938575241343616,0,4,0.11762634462815257,0.155583055100062,0.0029357154992375517,0.29367165442822846
E_0286,WH_066,CUS_128,multimodal,4900.99,8,30.85,1731,0.920480267351711,0.06929688255661699,0,5,0.4936126057116521,0.3389453167988743,0.003905411406111178,0.30416744853373046
E_0287,WH_074,CUS_129,road,378.65,1,1.05,633,0.972838675374736,0.2210785622313362,0,4,0.11878919643925592,0.3784155250686545,0.000910132877501049,0.18577016013136075
