node_id,node_type,name,country,region,latitude,longitude,capacity,reliability_score,lead_time_days,quality_rating,years_in_operation,certification_level,labor_cost_index,infrastructure_quality,political_stability,specialization,num_product_lines,avg_order_size,on_time_history,defect_rate,berth_count,crane_count,annual_teu,avg_dwell_time,congestion_tendency,automation_level,cold_storage,hazmat_certified,order_frequency,priority_level,contract_type,degree_centrality,in_degree_centrality,out_degree_centrality,betweenness_centrality,closeness_centrality,pagerank,eigenvector_centrality,in_degree,out_degree
SUP_000,supplier,Supplier_1,China,East Asia,35.35816047538945,105.99285722563967,7191,0.6865743858343695,13,0.8318902184689384,12,3,0.8158425631014783,0.7541168988591604,0.7939819704323988,Machinery,4,1537,0.9267434729152909,0.00477375250497894,0.0,0.0,0.0,0.0,0.0,0.0,0.0,0.0,Unknown,0.0,Unknown,0.023255813953488372,0.0,0.023255813953488372,0.0,0.0,0.0037068144925962738,3.598626559350221e-15,0,3
SUP_001,supplier,Supplier_2,China,East Asia,34.5872998688284,102.92361803941374,6555,0.8226666191934379,12,0.7572207086396655,29,3,0.4497912063828447,0.8736772018666175,0.6764923982534325,Electronics,4,931,0.833613288350523,0.01257578201081712,0.0,0.0,0.0,0.0,0.0,0.0,0.0,0.0,Unknown,0.0,Unknown,0.023255813953488372,0.0,0.023255813953488372,0.0,0.0,0.0037068144925962738,3.598626559350221e-15,0,3
SUP_002,supplier,Supplier_3,China,East Asia,37.29976162694528,104.91123015435112,13080,0.7479233572097433,17,0.7708306250206723,29,1,0.3932702392315026,0.9318640804157564,0.6517559963200034,Food,4,1125,0.8494472137679874,0.011073127220139752,0.0,0.0,0.0,0.0,0.0,0.0,0.0,0.0,Unknown,0.0,Unknown,0.023255813953488372,0.0,0.023255813953488372,0.0,0.0,0.0037068144925962738,3.598626559350221e-15,0,3
SUP_003,supplier,Supplier_4,China,East Asia,34.691766651472754,104.46080131127997,11692,0.9086159895994492,10,0.8171368281189971,15,1,0.4768703435223519,0.8277354579378964,0.6542698063547792,Chemicals,5,891,0.8198896304410711,0.008824539990597404,0.0,0.0,0.0,0.0,0.0,0.0,0.0,0.0,Unknown,0.0,Unknown,0.015503875968992248,0.0,0.015503875968992248,0.0,0.0,0.0037068144925962738,3.598626559350221e-15,0,2
SUP_004,supplier,Supplier_5,China,East Asia,34.98373803874952,104.36078433263299,9208,0.7187896091968857,9,0.7486674594602835,10,2,0.6164245589426078,0.8958014336081974,0.7542540693371891,Chemicals,5,1613,0.9387748459593357,0.00887785344832465,0.0,0.0,0.0,0.0,0.0,0.0,0.0,0.0,Unknown,0.0,Unknown,0.023255813953488372,0.0,0.023255813953488372,0.0,0.0,0.0037068144925962738,3.598626559350221e-15,0,3
SUP_005,supplier,Supplier_6,China,East Asia,34.32347623810052,105.64241370350237,5104,0.7986721454475213,7,0.75896166913137,4,2,0.5915770154000031,0.8265853749507579,0.7943424190778208,Textiles,3,1892,0.6815712621634118,0.025583233856920958,0.0,0.0,0.0,0.0,0.0,0.0,0.0,0.0,Unknown,0.0,Unknown,0.023255813953488372,0.0,0.023255813953488372,0.0,0.0,0.0037068144925962738,3.598626559350221e-15,0,3
SUP_006,supplier,Supplier_7,China,East Asia,34.803939678995825,103.21427329104529,8938,0.5056305875092306,12,0.8821902504375224,29,1,0.5174094136476343,0.8128711962152653,0.7017141382329405,Machinery,6,584,0.8200992649534132,0.005734776459665967,0.0,0.0,0.0,0.0,0.0,0.0,0.0,0.0,Unknown,0.0,Unknown,0.015503875968992248,0.0,0.015503875968992248,0.0,0.0,0.0037068144925962738,3.598626559350221e-15,0,2
SUP_007,supplier,Supplier_8,China,East Asia,35.50153169214252,105.21220455417219,3059,0.8362904595371783,4,0.8608089662000962,11,3,0.6830804235404149,0.9107344153798229,0.6373140117772071,Machinery,6,1454,0.8828751109659684,0.00784145438665941,0.0,0.0,0.0,0.0,0.0,0.0,0.0,0.0,Unknown,0.0,Unknown,0.015503875968992248,0.0,0.015503875968992248,0.0,0.0,0.0037068144925962738,3.598626559350221e-15,0,2
SUP_008,supplier,Supplier_9,Vietnam,Southeast Asia,12.548351818802693,107.7051913523079,12429,0.7892043780768935,15,0.763217427586724,10,2,0.5254024478743596,0.6969659942717966,0.5884872065780541,Pharmaceuticals,2,783,0.7250556277200073,0.00559759902614344,0.0,0.0,0.0,0.0,0.0,0.0,0.0,0.0,Unknown,0.0,Unknown,0.015503875968992248,0.0,0.015503875968992248,0.0,0.0,0.0037068144925962738,3.598626559350221e-15,0,2
SUP_009,supplier,Supplier_10,Vietnam,Southeast Asia,12.733164168691722,107.15505687829229,3495,0.7068331829839285,19,0.9403958738659294,27,3,0.49628983909767194,0.6601756619633539,0.5069680988754935,Electronics,1,798,0.6826495378009777,0.018809841419651863,0.0,0.0,0.0,0.0,0.0,0.0,0.0,0.0,Unknown,0.0,Unknown,0.023255813953488372,0.0,0.023255813953488372,0.0,0.0,0.0037068144925962738,3.598626559350221e-15,0,3
SUP_010,supplier,Supplier_11,Vietnam,Southeast Asia,14.070716092915447,106.48591500499995,10164,0.9684419287523753,4,0.6573521115274448,22,2,0.7285645629030041,0.6475275087984799,0.5956432697223719,Electronics,5,983,0.9251933032686774,0.08199495171985943,0.0,0.0,0.0,0.0,0.0,0.0,0.0,0.0,Unknown,0.0,Unknown,0.023255813953488372,0.0,0.023255813953488372,0.0,0.0,0.0037068144925962738,3.598626559350221e-15,0,3
SUP_011,supplier,Supplier_12,Vietnam,Southeast Asia,13.655297769778212,109.54572749287753,8287,0.7607881021356008,8,0.8923162608341954,17,1,0.8413209907356924,0.6033175657855712,0.5524186116598563,Machinery,3,1271,0.9373589415635379,0.02072248683095384,0.0,0.0,0.0,0.0,0.0,0.0,0.0,0.0,Unknown,0.0,Unknown,0.023255813953488372,0.0,0.023255813953488372,0.0,0.0,0.0037068144925962738,3.598626559350221e-15,0,3
SUP_012,supplier,Supplier_13,India,South Asia,19.287465716019966,79.72375095240986,7759,0.9698728838967893,13,0.8065649158111226,29,2,0.5411300268013342,0.6391568798690164,0.44571000435945995,Chemicals,2,723,0.7056516648303761,0.016202647213730163,0.0,0.0,0.0,0.0,0.0,0.0,0.0,0.0,Unknown,0.0,Unknown,0.031007751937984496,0.0,0.031007751937984496,0.0,0.0,0.0037068144925962738,3.598626559350221e-15,0,4
SUP_013,supplier,Supplier_14,India,South Asia,20.708602313424027,77.9274091636018,7423,0.8275389519679819,11,0.8501596365346173,10,2,0.6043883131233795,0.6774172848530234,0.5559751091715248,Chemicals,4,686,0.8796984673233186,0.054863703641698146,0.0,0.0,0.0,0.0,0.0,0.0,0.0,0.0,Unknown,0.0,Unknown,0.015503875968992248,0.0,0.015503875968992248,0.0,0.0,0.0037068144925962738,3.598626559350221e-15,0,2
SUP_014,supplier,Supplier_15,India,South Asia,21.731362604455775,79.63595301885691,10445,0.8409799614389765,5,0.6783145107640761,17,3,0.233985186897043,0.5732937569165719,0.5488341046113124,Electronics,3,500,0.8474712374428872,0.007365143534422658,0.0,0.0,0.0,0.0,0.0,0.0,0.0,0.0,Unknown,0.0,Unknown,0.015503875968992248,0.0,0.015503875968992248,0.0,0.0,0.0037068144925962738,3.598626559350221e-15,0,2
SUP_015,supplier,Supplier_16,India,South Asia,20.760160922219598,78.99525630735504,14757,0.7132582684449371,8,0.7184189715034562,7,2,0.5553381598660038,0.6589622607083296,0.5005274186210384,Chemicals,4,978,0.9327183249036024,0.01356586866683387,0.0,0.0,0.0,0.0,0.0,0.0,0.0,0.0,Unknown,0.0,Unknown,0.015503875968992248,0.0,0.015503875968992248,0.0,0.0,0.0037068144925962738,3.598626559350221e-15,0,2
SUP_016,supplier,Supplier_17,Taiwan,East Asia,22.47097195119218,121.88980846104602,14946,0.99,19,0.839677428127113,13,3,0.4751735222236681,0.9433309638087339,0.7927239954178505,Pharmaceuticals,1,1239,0.9240340817947738,0.006975521363443205,0.0,0.0,0.0,0.0,0.0,0.0,0.0,0.0,Unknown,0.0,Unknown,0.015503875968992248,0.0,0.015503875968992248,0.0,0.0,0.0037068144925962738,3.598626559350221e-15,0,2
SUP_017,supplier,Supplier_18,Taiwan,East Asia,23.230390914407703,122.40454668606743,5327,0.5418318102174605,12,0.7731981648157128,23,2,0.3232285127597734,0.8730014453398339,0.7980107700208526,Chemicals,2,1762,0.8653725105945528,0.014609906499630074,0.0,0.0,0.0,0.0,0.0,0.0,0.0,0.0,Unknown,0.0,Unknown,0.023255813953488372,0.0,0.023255813953488372,0.0,0.0,0.0037068144925962738,3.598626559350221e-15,0,3
SUP_018,supplier,Supplier_19,Taiwan,East Asia,25.199492287711823,121.96307447101682,10096,0.8702367363007122,9,0.7271820750636667,11,3,0.5608898239741705,0.9326481105112943,0.7022684797721875,Raw Materials,1,135,0.8757207490980107,0.03201899864616975,0.0,0.0,0.0,0.0,0.0,0.0,0.0,0.0,Unknown,0.0,Unknown,0.023255813953488372,0.0,0.023255813953488372,0.0,0.0,0.0037068144925962738,3.598626559350221e-15,0,3
SUP_019,supplier,Supplier_20,South Korea,East Asia,36.50985572311106,128.5778675090308,6495,0.8282021501324595,19,0.7590591169428443,21,1,0.5708839170239325,0.8153302483592082,0.7655738007575177,Food,4,1103,0.6619687411547444,0.0671925676294858,0.0,0.0,0.0,0.0,0.0,0.0,0.0,0.0,Unknown,0.0,Unknown,0.031007751937984496,0.0,0.031007751937984496,0.0,0.0,0.0037068144925962738,3.598626559350221e-15,0,4
SUP_020,supplier,Supplier_21,South Korea,East Asia,35.73906064645491,129.13809230004793,11183,0.99,10,0.9843413758320534,21,1,0.4785611049677748,0.8367041475161484,0.748808528599823,Electronics,2,840,0.8013782714246875,0.004074998445363794,0.0,0.0,0.0,0.0,0.0,0.0,0.0,0.0,Unknown,0.0,Unknown,0.015503875968992248,0.0,0.015503875968992248,0.0,0.0,0.0037068144925962738,3.598626559350221e-15,0,2
SUP_021,supplier,Supplier_22,South Korea,East Asia,34.23349186646879,127.48325789976043,3931,0.6759644311533068,3,0.7665498764159052,16,1,0.8530908480562194,0.8820394753435462,0.6559867793891885,Textiles,5,803,0.8904981710960955,0.016164609638626627,0.0,0.0,0.0,0.0,0.0,0.0,0.0,0.0,Unknown,0.0,Unknown,0.023255813953488372,0.0,0.023255813953488372,0.0,0.0,0.0037068144925962738,3.598626559350221e-15,0,3
SUP_022,supplier,Supplier_23,Japan,East Asia,36.64688298493741,137.92840024971116,5147,0.6779712198466554,16,0.8228970432230438,29,1,0.4525216077586662,0.7695668321302003,0.6983231750233664,Pharmaceuticals,7,1735,0.99,0.0038038942560044997,0.0,0.0,0.0,0.0,0.0,0.0,0.0,0.0,Unknown,0.0,Unknown,0.031007751937984496,0.0,0.031007751937984496,0.0,0.0,0.0037068144925962738,3.598626559350221e-15,0,4
SUP_023,supplier,Supplier_24,Japan,East Asia,35.93540659695189,137.84401893758948,8665,0.8202176333433611,7,0.8755935281791652,14,1,0.539811939114694,0.7553022621083243,0.7171551162546926,Automotive,3,951,0.7899783122841205,0.01713564891155089,0.0,0.0,0.0,0.0,0.0,0.0,0.0,0.0,Unknown,0.0,Unknown,0.031007751937984496,0.0,0.031007751937984496,0.0,0.0,0.0037068144925962738,3.598626559350221e-15,0,4
SUP_024,supplier,Supplier_25,Japan,East Asia,35.75267970482609,138.8231528737694,6000,0.8777461274113751,14,0.8467057172728889,4,3,0.2710102959857197,0.8047922254642267,0.6429178239416747,Food,6,1376,0.9091316116927981,0.0019841002331150827,0.0,0.0,0.0,0.0,0.0,0.0,0.0,0.0,Unknown,0.0,Unknown,0.015503875968992248,0.0,0.015503875968992248,0.0,0.0,0.0037068144925962738,3.598626559350221e-15,0,2
SUP_025,supplier,Supplier_26,Thailand,Southeast Asia,16.602027093665427,99.27475459384091,10967,0.99,4,0.7018799664762451,20,1,0.5714030971930095,0.7257885693559768,0.6254944027054107,Textiles,4,828,0.7807090404739345,0.03253991611987957,0.0,0.0,0.0,0.0,0.0,0.0,0.0,0.0,Unknown,0.0,Unknown,0.031007751937984496,0.0,0.031007751937984496,0.0,0.0,0.0037068144925962738,3.598626559350221e-15,0,4
SUP_026,supplier,Supplier_27,Thailand,Southeast Asia,14.998138290285226,99.69975817511889,4504,0.99,5,0.9688017032368915,17,1,0.5984282067873324,0.7734233214419444,0.5623733384287548,Chemicals,4,1492,0.6972547374165589,0.022778986759631397,0.0,0.0,0.0,0.0,0.0,0.0,0.0,0.0,Unknown,0.0,Unknown,0.015503875968992248,0.0,0.015503875968992248,0.0,0.0,0.0037068144925962738,3.598626559350221e-15,0,2
SUP_027,supplier,Supplier_28,Thailand,Southeast Asia,16.829635041789498,99.9429446096159,7917,0.821457581088787,18,0.8930934083974079,26,2,0.452155040426049,0.6021675302960596,0.6310763952838527,Automotive,4,364,0.9353974711067856,0.007693072667700778,0.0,0.0,0.0,0.0,0.0,0.0,0.0,0.0,Unknown,0.0,Unknown,0.031007751937984496,0.0,0.031007751937984496,0.0,0.0,0.0037068144925962738,3.598626559350221e-15,0,4
SUP_028,supplier,Supplier_29,Malaysia,Southeast Asia,6.010247868203219,103.78242858775023,6946,0.7176088069554427,7,0.7985719452294906,4,2,0.21186945223863665,0.789238908576338,0.6062592100942406,Machinery,7,208,0.8769317654252539,0.05345243696093835,0.0,0.0,0.0,0.0,0.0,0.0,0.0,0.0,Unknown,0.0,Unknown,0.031007751937984496,0.0,0.031007751937984496,0.0,0.0,0.0037068144925962738,3.598626559350221e-15,0,4
SUP_029,supplier,Supplier_30,Malaysia,Southeast Asia,6.106992834137641,103.96372496812133,6729,0.93701436801013,13,0.7852942618497861,12,1,0.5825862908551249,0.7236436126632522,0.4702245352245581,Machinery,7,1297,0.7936275447196025,0.024144169433061996,0.0,0.0,0.0,0.0,0.0,0.0,0.0,0.0,Unknown,0.0,Unknown,0.015503875968992248,0.0,0.015503875968992248,0.0,0.0,0.0037068144925962738,3.598626559350221e-15,0,2
SUP_030,supplier,Supplier_31,Indonesia,Southeast Asia,-2.498947974543226,115.20744023716142,4681,0.8253220668998881,8,0.682387252201093,20,2,0.5579765623074252,0.7183777477642568,0.5200436493400628,Pharmaceuticals,4,1538,0.8312775043651186,0.013142747258071297,0.0,0.0,0.0,0.0,0.0,0.0,0.0,0.0,Unknown,0.0,Unknown,0.023255813953488372,0.0,0.023255813953488372,0.0,0.0,0.0037068144925962738,3.598626559350221e-15,0,3
SUP_031,supplier,Supplier_32,Indonesia,Southeast Asia,-1.2780496395109822,114.74033745718664,10905,0.783721090950843,10,0.7995437171009704,10,2,0.2791556422905734,0.6800445785744049,0.5455429781760456,Machinery,1,923,0.9261571841297597,0.015031215125957184,0.0,0.0,0.0,0.0,0.0,0.0,0.0,0.0,Unknown,0.0,Unknown,0.031007751937984496,0.0,0.031007751937984496,0.0,0.0,0.0037068144925962738,3.598626559350221e-15,0,4
SUP_032,supplier,Supplier_33,Germany,Western Europe,50.915343326426225,11.658436996106936,14972,0.8283583197422655,13,0.8983504306358465,29,1,0.594725477545513,0.9046195688340298,0.8258797276270525,Automotive,6,1266,0.8554350577938571,0.012122555113539019,0.0,0.0,0.0,0.0,0.0,0.0,0.0,0.0,Unknown,0.0,Unknown,0.023255813953488372,0.0,0.023255813953488372,0.0,0.0,0.0037068144925962738,3.598626559350221e-15,0,3
SUP_033,supplier,Supplier_34,Germany,Western Europe,51.68023232033626,10.7872572476924,4703,0.8640291300516368,12,0.820949686263236,17,3,0.9,0.8554762365962265,0.7376242319447524,Automotive,2,1771,0.7691701714644849,0.008719070692334668,0.0,0.0,0.0,0.0,0.0,0.0,0.0,0.0,Unknown,0.0,Unknown,0.015503875968992248,0.0,0.015503875968992248,0.0,0.0,0.0037068144925962738,3.598626559350221e-15,0,2
SUP_034,supplier,Supplier_35,Germany,Western Europe,51.504624447403486,8.760938547859938,14328,0.7811952641196157,19,0.6339882579443668,10,2,0.6142695020653576,0.8325233878689783,0.8821854368987685,Food,5,489,0.947052382001321,0.059834770500668724,0.0,0.0,0.0,0.0,0.0,0.0,0.0,0.0,Unknown,0.0,Unknown,0.023255813953488372,0.0,0.023255813953488372,0.0,0.0,0.0037068144925962738,3.598626559350221e-15,0,3
SUP_035,supplier,Supplier_36,Mexico,North America,24.532878033553438,-102.09633921625684,2009,0.9615328144865544,17,0.7530824347895295,18,2,0.3768428310464577,0.9458328441413029,0.7638162938331495,Electronics,1,1733,0.99,0.001,0.0,0.0,0.0,0.0,0.0,0.0,0.0,0.0,Unknown,0.0,Unknown,0.023255813953488372,0.0,0.023255813953488372,0.0,0.0,0.0037068144925962738,3.598626559350221e-15,0,3
SUP_036,supplier,Supplier_37,Mexico,North America,22.165408475202533,-104.49531214069201,14805,0.8610948301609017,7,0.9911529606509428,7,3,0.8192285887803268,0.9314162404084911,0.7255701098551572,Raw Materials,5,1201,0.9101053944211537,0.0045894036588535,0.0,0.0,0.0,0.0,0.0,0.0,0.0,0.0,Unknown,0.0,Unknown,0.031007751937984496,0.0,0.031007751937984496,0.0,0.0,0.0037068144925962738,3.598626559350221e-15,0,4
SUP_037,supplier,Supplier_38,Brazil,South America,-15.234230241952806,-52.83107281189636,9939,0.9053937853706667,4,0.6875357908162132,29,1,0.4996728066711804,0.6452421393578028,0.6162742980125003,Machinery,2,367,0.807396766143558,0.0338983621779176,0.0,0.0,0.0,0.0,0.0,0.0,0.0,0.0,Unknown,0.0,Unknown,0.015503875968992248,0.0,0.015503875968992248,0.0,0.0,0.0037068144925962738,3.598626559350221e-15,0,2
SUP_038,supplier,Supplier_39,Poland,Western Europe,53.79189506175929,17.503632893462584,6858,0.6975540103285414,17,0.773090556207105,24,2,0.7978090347768958,0.8425928323017822,0.727274295117354,Pharmaceuticals,4,837,0.9377825168480114,0.008633745230301386,0.0,0.0,0.0,0.0,0.0,0.0,0.0,0.0,Unknown,0.0,Unknown,0.023255813953488372,0.0,0.023255813953488372,0.0,0.0,0.0037068144925962738,3.598626559350221e-15,0,3
SUP_039,supplier,Supplier_40,Bangladesh,South Asia,24.039670747418533,89.92897618039893,9002,0.8501433966663609,8,0.7546203335027845,2,2,0.8257231091142584,0.672472741749349,0.5899041247315284,Machinery,4,237,0.7119898541785108,0.05223325526084158,0.0,0.0,0.0,0.0,0.0,0.0,0.0,0.0,Unknown,0.0,Unknown,0.023255813953488372,0.0,0.023255813953488372,0.0,0.0,0.0037068144925962738,3.598626559350221e-15,0,3
PRT_040,port,Shanghai,Shanghai,East Asia,31.23,121.47,69963,0.7581471303622591,2,0.9464732165794069,62,2,0.6549897369145272,0.7,0.6018500924985795,General,7,2887,0.8048096170938116,0.006423811416465937,38.0,51.0,23000000.0,6.930743821066695,0.3725413139111934,0.0,0.0,0.0,Unknown,0.0,Unknown,0.17054263565891473,0.10852713178294573,0.06201550387596899,0.0373889696382429,0.10852713178294573,0.019723033551178767,1.867687184302766e-12,14,8
PRT_041,port,Shenzhen,Shenzhen,East Asia,22.54,114.06,153081,0.8714375712036354,2,0.76718061420645,65,2,0.8947087699374584,0.7,0.6699115598363564,General,13,7493,0.8828210841577383,0.001707618476844316,26.0,45.0,40000000.0,6.837207678758368,0.5741298451918292,0.0,0.0,0.0,Unknown,0.0,Unknown,0.16279069767441862,0.13178294573643412,0.031007751937984496,0.029574450904392764,0.13178294573643412,0.022086082264740115,2.2671347323906424e-12,17,4
PRT_042,port,Singapore,Singapore,Southeast Asia,1.35,103.82,100428,0.8819001185598198,4,0.8752508781344991,33,3,0.5060213725967184,0.7621206407200635,0.5555024804335896,General,12,6126,0.7046295955006417,0.011620809995474546,32.0,37.0,42000000.0,5.195703598730139,0.32123525181736484,0.0,0.0,0.0,Unknown,0.0,Unknown,0.11627906976744186,0.08527131782945736,0.031007751937984496,0.035095687984496124,0.15721474228206175,0.02452317837408156,1.1171576290846825e-10,11,4
PRT_043,port,Busan,Busan,Unknown,35.18,129.08,123688,0.8183130767596448,3,0.896093967957688,76,3,0.6112898918893781,0.7849824617324702,0.701439029641739,General,13,8561,0.809999306603354,0.015567090323777913,27.0,53.0,12000000.0,5.519212607964555,0.4822292712613206,0.0,0.0,0.0,Unknown,0.0,Unknown,0.09302325581395349,0.06201550387596899,0.031007751937984496,0.03288719315245477,0.13762344695762982,0.017579369140268777,1.3472070291442657e-09,8,4
PRT_044,port,Rotterdam,Rotterdam,Western Europe,51.92,4.48,150776,0.9369163412155861,4,0.8268497642293846,78,2,0.6041536397424319,0.7,0.5652673708930606,General,10,2605,0.8901892382829725,0.0028230684939514095,13.0,94.0,34000000.0,3.040241571768529,0.6483827123132125,0.0,0.0,0.0,Unknown,0.0,Unknown,0.14728682170542634,0.11627906976744186,0.031007751937984496,0.050569282945736434,0.2204995693367786,0.04529408925867001,0.055641540057300216,15,4
PRT_045,port,Los Angeles,Los Angeles,North America,34.05,-118.24,194118,0.8939173063335656,3,0.9226297557793942,23,2,0.5986814165544966,0.7584344144932663,0.6731292209730029,General,6,1846,0.9161128958917999,0.007657968701599119,35.0,70.0,49000000.0,6.616957599151622,0.2935218742787617,0.0,0.0,0.0,Unknown,0.0,Unknown,0.15503875968992248,0.06201550387596899,0.09302325581395349,0.06523538436692505,0.16279069767441862,0.02656212221862103,1.264358368906937e-08,8,12
PRT_046,port,Long Beach,Long Beach,North America,33.77,-118.19,92101,0.8072245639881238,4,0.9010898919870115,31,2,0.3713564200245012,0.7371857332133918,0.5731544072911303,General,8,7988,0.9438189051662907,0.007605472481290778,42.0,25.0,14000000.0,5.291618707628919,0.4744609899444886,0.0,0.0,0.0,Unknown,0.0,Unknown,0.13953488372093023,0.05426356589147287,0.08527131782945736,0.027071220930232558,0.1447811447811448,0.016904505292879724,9.925246681139587e-08,7,11
PRT_047,port,Hamburg,Hamburg,Western Europe,53.55,9.99,89809,0.9605034247371552,1,0.8038486504381481,82,3,0.6794706266872924,0.7207364282825237,0.6117761371220902,General,5,2604,0.98,0.01775607071141798,23.0,94.0,13000000.0,3.2300108603194237,0.3896142924819002,0.0,0.0,0.0,Unknown,0.0,Unknown,0.07751937984496124,0.03875968992248062,0.03875968992248062,0.0030281007751937986,0.14403600900225055,0.018059646138365543,0.055641538685863634,5,5
PRT_048,port,Antwerp,Antwerp,Western Europe,51.22,4.4,186487,0.9263442749497777,1,0.8897833422264619,33,3,0.5336351437633053,0.7,0.6450637845580266,General,8,1600,0.916696813724721,0.020972026672943324,34.0,37.0,44000000.0,4.7116916077942355,0.556891227427663,0.0,0.0,0.0,Unknown,0.0,Unknown,0.06201550387596899,0.031007751937984496,0.031007751937984496,0.001635174418604651,0.031007751937984496,0.007645229015198526,5.36195357343183e-13,4,4
PRT_049,port,Dubai,Dubai,Middle East,25.2,55.27,89711,0.7303366463179315,3,0.8218789212766953,82,3,0.6490391060646243,0.7075836832059816,0.6315329291670982,General,12,5018,0.8624719576952908,0.007827422063632333,15.0,25.0,7000000.0,5.766248318428508,0.3674528073285431,0.0,0.0,0.0,Unknown,0.0,Unknown,0.05426356589147287,0.031007751937984496,0.023255813953488372,0.0035025032299741614,0.11791559000861326,0.013465296734812143,1.3251042648167363e-09,4,3
PRT_050,port,Hong Kong,Hong Kong,East Asia,22.32,114.17,130910,0.8789804679609305,2,0.9343516172679291,46,3,0.5310958650689633,0.7,0.6615919438859015,General,8,3645,0.8120124504428167,0.012519875569872406,14.0,93.0,37000000.0,2.61749618446487,0.46824067574229733,0.0,0.0,0.0,Unknown,0.0,Unknown,0.14728682170542634,0.12403100775193798,0.023255813953488372,0.026072957041343665,0.13148479427549195,0.02415464379404909,4.287763545465793e-11,16,3
PRT_051,port,Ningbo,Ningbo,East Asia,29.87,121.54,121907,0.98,3,0.775308951258966,48,3,0.3,0.7657822970897368,0.5518304608477067,General,7,7898,0.8491569408025671,0.008335785457914347,35.0,62.0,31000000.0,4.074175961023517,0.29079885840071285,0.0,0.0,0.0,Unknown,0.0,Unknown,0.08527131782945736,0.06976744186046512,0.015503875968992248,0.006136950904392764,0.06976744186046512,0.012896448378668199,1.2019412708229727e-12,9,2
PRT_052,port,Tokyo,Tokyo,East Asia,35.68,139.65,64153,0.7857771566806118,3,0.7955790730244873,66,2,0.7142878479653499,0.7,0.5651191904523829,General,5,8790,0.8970124609906416,0.01294976087700202,21.0,87.0,9000000.0,7.534996287063774,0.5536193171566993,0.0,0.0,0.0,Unknown,0.0,Unknown,0.06976744186046512,0.03875968992248062,0.031007751937984496,0.006782945736434108,0.07349985644559287,0.009741183229586786,3.422293857942063e-11,5,4
PRT_053,port,Mumbai,Mumbai,South Asia,19.08,72.88,102329,0.8317881755755748,1,0.9541479334528076,70,3,0.45155927696121284,0.7977261798443501,0.6758347129668901,General,10,4030,0.8699370463920282,0.025363079409632762,49.0,34.0,25000000.0,4.275834190313293,0.5721248259216444,0.0,0.0,0.0,Unknown,0.0,Unknown,0.06976744186046512,0.03875968992248062,0.031007751937984496,0.004744024547803618,0.03875968992248062,0.01027083869693336,6.693445400391414e-13,5,4
PRT_054,port,Bangkok,Bangkok,Southeast Asia,13.76,100.5,107545,0.7990316499791866,1,0.7176114662507384,94,3,0.3666375036192557,0.7877682087408951,0.638060233620485,General,7,2205,0.7,0.0019405450320809676,16.0,71.0,10000000.0,2.20327496147957,0.3557365855663787,0.0,0.0,0.0,Unknown,0.0,Unknown,0.13953488372093023,0.11627906976744186,0.023255813953488372,0.009906936369509046,0.11627906976744186,0.020773277423872704,2.0008363669987245e-12,15,3
WH_055,warehouse,Los Angeles_WH_1,Los Angeles,Unknown,34.61099141509217,-118.68482565474116,29097,0.9065555654722585,2,0.8446737045629165,11,2,0.6020893937869419,0.7814858389643379,0.7847081434161071,Food,3,628,0.9187937456444999,0.0023718734215369694,0.0,0.0,0.0,0.0,0.0,0.8437671286400164,0.0,0.0,Unknown,0.0,Unknown,0.015503875968992248,0.015503875968992248,0.0,0.0,0.11724806201550388,0.0068950692262325815,6.565262682210017e-07,2,0
WH_056,warehouse,Chicago_WH_2,Chicago,Unknown,42.30811839957966,-87.57470453971042,16645,0.8160811672540529,2,0.8379679961156214,8,1,0.3888732457923268,0.8465999314858524,0.7113101256647144,Automotive,9,254,0.8811091656204563,0.001,0.0,0.0,0.0,0.0,0.0,0.7653819487508083,1.0,0.0,Unknown,0.0,Unknown,0.10852713178294573,0.015503875968992248,0.09302325581395349,0.016876614987080107,0.11724806201550388,0.0068950692262325815,6.565262682210017e-07,2,12
WH_057,warehouse,Dallas_WH_3,Dallas,Unknown,32.2239443238659,-97.33785040682386,20682,0.99,1,0.9074502683450162,7,3,0.8574986664682086,0.8707972451036858,0.7983093172933164,Chemicals,10,2738,0.9420484090930635,0.016437020613601697,0.0,0.0,0.0,0.0,0.0,0.9138663216252276,0.0,0.0,Unknown,0.0,Unknown,0.10077519379844961,0.015503875968992248,0.08527131782945736,0.013767764857881127,0.11724806201550388,0.0068950692262325815,6.565262682210017e-07,2,11
WH_058,warehouse,New York_WH_4,New York,Unknown,40.3579801222136,-74.83614997009931,14425,0.8365110413965801,2,0.9882343467131359,5,3,0.4137748153576316,0.80695386122509,0.7385442413772211,Machinery,6,2508,0.8791847295472578,0.0021170671867323763,0.0,0.0,0.0,0.0,0.0,0.8029924400808711,0.0,1.0,Unknown,0.0,Unknown,0.015503875968992248,0.015503875968992248,0.0,0.0,0.11724806201550388,0.0068950692262325815,6.565262682210017e-07,2,0
WH_059,warehouse,Atlanta_WH_5,Atlanta,Unknown,33.18902105016192,-83.44090546960226,27771,0.9685911345086368,2,0.8984520874681714,36,2,0.9,0.7886831528149804,0.6709034111109236,Electronics,6,2913,0.9536128642206887,0.0037294727348604344,0.0,0.0,0.0,0.0,0.0,0.41159153580139723,0.0,0.0,Unknown,0.0,Unknown,0.046511627906976744,0.015503875968992248,0.031007751937984496,0.004885335917312661,0.11724806201550388,0.0068950692262325815,6.565262682210017e-07,2,4
WH_060,warehouse,London_WH_6,London,Unknown,52.338597613120996,-0.8944978342197177,48243,0.8820180309760889,1,0.8998324565170513,29,2,0.5157949711356512,0.7710027807990674,0.6895525703951925,Chemicals,8,930,0.9357101866475226,0.004549221550982463,0.0,0.0,0.0,0.0,0.0,0.6903359592818746,1.0,0.0,Unknown,0.0,Unknown,0.10852713178294573,0.023255813953488372,0.08527131782945736,0.017310642764857883,0.1454093992248062,0.018028371313187908,0.11128306541692434,3,11
WH_061,warehouse,Frankfurt_WH_7,Frankfurt,Unknown,50.93882389184992,6.517541049784146,34027,0.8990647579596776,2,0.9727463904162833,5,1,0.38484525492617316,0.8083943421062966,0.6933040605156049,Food,6,1336,0.9490511004932993,0.00639227609916472,0.0,0.0,0.0,0.0,0.0,0.6967630335551723,1.0,0.0,Unknown,0.0,Unknown,0.10852713178294573,0.023255813953488372,0.08527131782945736,0.01582687338501293,0.1454093992248062,0.018028371313187908,0.11128306541692434,3,11
WH_062,warehouse,Paris_WH_8,Paris,Unknown,49.76817387307926,1.620002554842414,33863,0.950378343216568,1,0.8240410008506912,21,2,0.3465664160882595,0.8656368305618733,0.6659897379700658,Machinery,11,2543,0.9693561100064355,0.006513237051081964,0.0,0.0,0.0,0.0,0.0,0.622069355534029,1.0,0.0,Unknown,0.0,Unknown,0.09302325581395349,0.023255813953488372,0.06976744186046512,0.011375565245478041,0.1454093992248062,0.018028371313187908,0.11128306541692434,3,9
WH_063,warehouse,Tokyo_WH_9,Tokyo,Unknown,35.172804066478214,140.2882046353484,44020,0.9692861358411782,1,0.8702767725930889,21,3,0.40209781662938915,0.8312851421067537,0.7809418753814612,Chemicals,10,2908,0.9086877390495662,0.007115535466148019,0.0,0.0,0.0,0.0,0.0,0.77066716402754,1.0,1.0,Unknown,0.0,Unknown,0.06201550387596899,0.023255813953488372,0.03875968992248062,0.007945736434108527,0.11082968761992479,0.011609335653981123,1.2088484746409914e-08,3,5
WH_064,warehouse,Sydney_WH_10,Sydney,Unknown,-33.063272374727944,151.50332983823432,35064,0.9414809109566293,1,0.9103843843581556,30,2,0.4378415189387606,0.8886594293064796,0.7956587367748051,Machinery,9,1700,0.9726576426666452,0.0032143070259922912,0.0,0.0,0.0,0.0,0.0,0.8603277231430536,1.0,0.0,Unknown,0.0,Unknown,0.023255813953488372,0.0,0.023255813953488372,0.0,0.0,0.0037068144925962738,3.598626559350221e-15,0,3
WH_065,warehouse,Toronto_WH_11,Toronto,Unknown,44.30783094830135,-80.30598473056901,19374,0.9651127336694596,1,0.8,38,3,0.3,0.8106728174522777,0.7358641639150199,Pharmaceuticals,10,2744,0.9849088853917348,0.003865298962606678,0.0,0.0,0.0,0.0,0.0,0.7300758638023519,1.0,0.0,Unknown,0.0,Unknown,0.023255813953488372,0.015503875968992248,0.007751937984496124,0.000888242894056848,0.11724806201550388,0.0068950692262325815,6.565262682210017e-07,2,1
WH_066,warehouse,Miami_WH_12,Miami,Unknown,25.61363411330973,-79.4366692442751,18502,0.9328080729216913,1,0.8990059194855567,17,2,0.5224067324849442,0.8219813430455863,0.7441258194827555,Food,10,1971,0.99,0.020701985184206545,0.0,0.0,0.0,0.0,0.0,0.7993777190119368,0.0,0.0,Unknown,0.0,Unknown,0.031007751937984496,0.015503875968992248,0.015503875968992248,0.003997093023255814,0.11724806201550388,0.0068950692262325815,6.565262682210017e-07,2,2
WH_067,warehouse,Seattle_WH_13,Seattle,Unknown,48.08516460317778,-122.85244570846339,12050,0.8269325548161589,2,0.8850130711695399,8,3,0.36130282561861393,0.8865508653086303,0.6567651015830485,Raw Materials,3,1163,0.9518315742206408,0.0012311262797046667,0.0,0.0,0.0,0.0,0.0,0.9174747695676464,1.0,0.0,Unknown,0.0,Unknown,0.046511627906976744,0.015503875968992248,0.031007751937984496,0.005773578811369511,0.11724806201550388,0.0068950692262325815,6.565262682210017e-07,2,4
WH_068,warehouse,Phoenix_WH_14,Phoenix,Unknown,33.28516155156986,-111.31176338487566,39757,0.8638638989218851,2,0.9191204873092026,8,2,0.6249678312319584,0.8411605192318289,0.7269032766524762,Automotive,4,1024,0.9446225632004075,0.0012454244931025338,0.0,0.0,0.0,0.0,0.0,0.4211848703937654,1.0,0.0,Unknown,0.0,Unknown,0.023255813953488372,0.015503875968992248,0.007751937984496124,0.000888242894056848,0.11724806201550388,0.0068950692262325815,6.565262682210017e-07,2,1
WH_069,warehouse,Denver_WH_15,Denver,Unknown,38.855685353126795,-104.05179473971837,21362,0.9515723146766969,1,1.0,39,3,0.4751466640343657,0.8723749687485928,0.683666085775499,Textiles,10,1092,0.9435707778193202,0.0038498649214541852,0.0,0.0,0.0,0.0,0.0,0.685410957647107,0.0,0.0,Unknown,0.0,Unknown,0.12403100775193798,0.015503875968992248,0.10852713178294573,0.016876614987080107,0.11724806201550388,0.0068950692262325815,6.565262682210017e-07,2,14
WH_070,warehouse,Shanghai_WH_16,Shanghai,Unknown,31.98492172526076,121.00120008517742,42284,0.9342932695362453,2,0.9167228394993513,29,2,0.5734579158758926,0.8059032775518471,0.6889630675640489,Automotive,7,1399,0.8800851377730774,0.003424662419588268,0.0,0.0,0.0,0.0,0.0,0.35268004033997113,0.0,0.0,Unknown,0.0,Unknown,0.06201550387596899,0.023255813953488372,0.03875968992248062,0.0072856104651162785,0.11306867120820609,0.01502084425418755,1.1706612890437909e-08,3,5
WH_071,warehouse,Singapore_WH_17,Singapore,Unknown,0.5022617189806005,104.52241382809753,19516,0.99,2,0.873456561353984,7,2,0.7022837234439467,0.7900542405254133,0.7817944979532737,Automotive,5,2583,0.99,0.005371332846924381,0.0,0.0,0.0,0.0,0.0,0.8528781239112572,1.0,1.0,Unknown,0.0,Unknown,0.023255813953488372,0.023255813953488372,0.0,0.0,0.12717103326464527,0.02165156193155948,1.862627515360319e-09,3,0
WH_072,warehouse,Dubai_WH_18,Dubai,Middle East,25.874026656727345,55.66494292333857,30670,0.8735865274291775,1,0.9297184404461585,35,3,0.5444514947104054,0.7615262384437411,0.6,Chemicals,6,788,0.8783220506360367,0.003540976526547985,0.0,0.0,0.0,0.0,0.0,0.3041508166159418,0.0,0.0,Unknown,0.0,Unknown,0.023255813953488372,0.023255813953488372,0.0,0.0,0.1240826873385013,0.012775398975416042,0.0556415381239741,3,0
WH_073,warehouse,Mumbai_WH_19,Mumbai,Unknown,20.042372356054845,73.14362705403333,41966,0.90894013341371,1,0.9094860441779029,34,1,0.7779581118322931,0.8088226817167795,0.676924598513575,Food,7,1188,0.908182358303782,0.007774913928982883,0.0,0.0,0.0,0.0,0.0,0.4129397589499184,1.0,1.0,Unknown,0.0,Unknown,0.031007751937984496,0.023255813953488372,0.007751937984496124,0.0012415213178294574,0.10461493878142433,0.015592212357778803,1.1438184138122857e-08,3,1
WH_074,warehouse,Mexico_WH_20,Mexico,North America,22.962755173864544,-102.00803141493573,18073,0.8852289185055012,2,0.8979214951228738,22,3,0.5161617229092618,0.7637394793893534,0.6,Machinery,3,2326,0.9388605937532261,0.008540373287953727,0.0,0.0,0.0,0.0,0.0,0.4641306872974484,0.0,0.0,Unknown,0.0,Unknown,0.023255813953488372,0.015503875968992248,0.007751937984496124,0.0026647286821705426,0.11724806201550388,0.0068950692262325815,6.565262682210017e-07,2,1
WH_075,warehouse,Sao Paulo_WH_21,Sao Paulo,Unknown,-4.57088274838244,160.6577281337419,13342,0.952431816736048,2,0.9493654449628313,36,1,0.7682779784140272,0.7909889290497314,0.7926295343375616,Textiles,10,1188,0.9855271912346107,0.014377842163998273,0.0,0.0,0.0,0.0,0.0,0.5728227560019794,1.0,0.0,Unknown,0.0,Unknown,0.023255813953488372,0.007751937984496124,0.015503875968992248,0.002059108527131783,0.050916138125440456,0.005777160007954106,4.035787713780089e-10,1,2
WH_076,warehouse,Amsterdam_WH_22,Amsterdam,Unknown,-27.275507705529513,175.02015167289642,29982,0.8809849173071548,1,0.9320094911853563,29,3,0.4255169189864394,0.8314849208684938,0.6738868607418896,Chemicals,11,1880,0.99,0.001,0.0,0.0,0.0,0.0,0.0,0.3998777248047232,0.0,0.0,Unknown,0.0,Unknown,0.0,0.0,0.0,0.0,0.0,0.0037068144925962738,3.598626559350221e-15,0,0
WH_077,warehouse,Madrid_WH_23,Madrid,Unknown,-58.26823695591472,107.67089010096973,25251,0.9155132152856387,2,0.9720058607724736,11,1,0.49854115469110954,0.7800787090050505,0.7237391820112155,Textiles,8,1213,0.99,0.0019720729328799565,0.0,0.0,0.0,0.0,0.0,0.6836715602756546,0.0,1.0,Unknown,0.0,Unknown,0.0,0.0,0.0,0.0,0.0,0.0037068144925962738,3.598626559350221e-15,0,0
WH_078,warehouse,Milan_WH_24,Milan,Unknown,-41.689409627173454,-12.953415043348405,36143,0.9807577504435877,2,0.93710422942619,12,3,0.5069093604090725,0.7654188606738999,0.7356356752766247,Raw Materials,8,1309,0.941835698344517,0.0011808246884112913,0.0,0.0,0.0,0.0,0.0,0.5249107689691457,1.0,1.0,Unknown,0.0,Unknown,0.007751937984496124,0.0,0.007751937984496124,0.0,0.0,0.0037068144925962738,3.598626559350221e-15,0,1
WH_079,warehouse,Warsaw_WH_25,Warsaw,Unknown,-50.54498037079982,11.492211220401085,33116,0.9110494016441257,2,0.8634061457184892,30,2,0.5143231515325805,0.7751223873388605,0.66568517605016,Pharmaceuticals,5,834,0.948629139067808,0.001,0.0,0.0,0.0,0.0,0.0,0.9085379600583983,0.0,0.0,Unknown,0.0,Unknown,0.0,0.0,0.0,0.0,0.0,0.0037068144925962738,3.598626559350221e-15,0,0
CUS_080,customer,Customer_1,USA,North America,39.18060519450917,-92.00030876253913,2213,1.0,0,1.0,28,3,0.0,0.8018350577628418,0.9444475341239537,Food,7,508,1.0,0.0,0.0,0.0,0.0,0.0,0.0,0.0,0.0,0.0,monthly,2.0,multi-year,0.007751937984496124,0.007751937984496124,0.0,0.0,0.09073800241968007,0.004195176204185673,3.208592924777318e-06,1,0
CUS_081,customer,Customer_2,USA,North America,36.613182845183005,-94.27422304803474,5404,1.0,0,1.0,42,2,0.0,0.9174479679622175,0.8779835944930536,Chemicals,9,1374,1.0,0.0,0.0,0.0,0.0,0.0,0.0,0.0,0.0,0.0,weekly,2.0,annual,0.023255813953488372,0.023255813953488372,0.0,0.0,0.0978516057585825,0.005146530187801385,9.625778767134703e-06,3,0
CUS_082,customer,Customer_3,USA,North America,39.53279065594956,-91.99167221026879,2856,1.0,0,1.0,32,2,0.0,0.8666090652812893,0.9157605334816792,Automotive,6,598,1.0,0.0,0.0,0.0,0.0,0.0,0.0,0.0,0.0,0.0,monthly,3.0,annual,0.023255813953488372,0.023255813953488372,0.0,0.0,0.0978516057585825,0.00619301956977867,9.625778767134703e-06,3,0
CUS_083,customer,Customer_4,USA,North America,34.08542450929146,-93.90771757568709,6736,1.0,0,1.0,15,1,0.0,0.8387868870217948,0.9604817516225141,Electronics,8,453,1.0,0.0,0.0,0.0,0.0,0.0,0.0,0.0,0.0,0.0,weekly,3.0,annual,0.015503875968992248,0.015503875968992248,0.0,0.0,0.0942706941103092,0.00570465785818927,6.41718584595601e-06,2,0
CUS_084,customer,Customer_5,USA,North America,37.13844881893018,-95.27699476636711,7590,1.0,0,1.0,32,2,0.0,0.7088183337269521,0.8186545509547045,Chemicals,4,627,1.0,0.0,0.0,0.0,0.0,0.0,0.0,0.0,0.0,0.0,weekly,3.0,annual,0.023255813953488372,0.023255813953488372,0.0,0.0,0.0978516057585825,0.005146530187801385,9.625778767134703e-06,3,0
CUS_085,customer,Customer_6,USA,North America,42.011333163406725,-97.87145471391355,5232,1.0,0,1.0,12,1,0.0,0.8397438421060746,0.9507994191343628,Electronics,1,916,1.0,0.0,0.0,0.0,0.0,0.0,0.0,0.0,0.0,0.0,weekly,2.0,annual,0.007751937984496124,0.007751937984496124,0.0,0.0,0.09073800241968007,0.0041254102453871875,3.208592924777318e-06,1,0
CUS_086,customer,Customer_7,USA,North America,38.41540533226306,-96.98151362811065,501,1.0,0,1.0,37,3,0.0,0.8476833569344104,0.774169322320953,Automotive,8,280,1.0,0.0,0.0,0.0,0.0,0.0,0.0,0.0,0.0,0.0,weekly,2.0,spot,0.015503875968992248,0.015503875968992248,0.0,0.0,0.0942706941103092,0.004658168476211986,6.41718584595601e-06,2,0
CUS_087,customer,Customer_8,USA,North America,36.000815366517614,-91.01587677664712,2613,1.0,0,1.0,35,2,0.0,0.7975570192674084,0.9320419377059802,Pharmaceuticals,8,350,1.0,0.0,0.0,0.0,0.0,0.0,0.0,0.0,0.0,0.0,daily,2.0,multi-year,0.007751937984496124,0.007751937984496124,0.0,0.0,0.09073800241968007,0.0042395727234210735,3.208592924777318e-06,1,0
CUS_088,customer,Customer_9,USA,North America,36.51024373782858,-97.40110637010828,6224,1.0,0,1.0,10,2,0.0,0.7437269704734255,0.8348301505641212,Food,8,1021,1.0,0.0,0.0,0.0,0.0,0.0,0.0,0.0,0.0,0.0,weekly,1.0,spot,0.023255813953488372,0.023255813953488372,0.0,0.0,0.0978516057585825,0.005146530187801385,9.625778767134703e-06,3,0
CUS_089,customer,Customer_10,USA,North America,32.456714269335436,-93.34597984934359,6616,1.0,0,1.0,12,2,0.0,0.9532511346907592,0.9417010458850159,Machinery,6,669,1.0,0.0,0.0,0.0,0.0,0.0,0.0,0.0,0.0,0.0,weekly,1.0,multi-year,0.015503875968992248,0.015503875968992248,0.0,0.0,0.0942706941103092,0.00570465785818927,6.41718584595601e-06,2,0
CUS_090,customer,Customer_11,USA,North America,33.31970808529627,-98.39869087572353,781,1.0,0,1.0,29,2,0.0,0.7674103530918039,0.7540031312418171,Chemicals,5,1234,1.0,0.0,0.0,0.0,0.0,0.0,0.0,0.0,0.0,0.0,weekly,1.0,spot,0.015503875968992248,0.015503875968992248,0.0,0.0,0.0942706941103092,0.004658168476211986,6.41718584595601e-06,2,0
CUS_091,customer,Customer_12,USA,North America,41.956301229588476,-91.05881303563953,625,1.0,0,1.0,34,1,0.0,0.9919293244211039,0.8740336689086404,Automotive,8,544,1.0,0.0,0.0,0.0,0.0,0.0,0.0,0.0,0.0,0.0,weekly,2.0,annual,0.023255813953488372,0.023255813953488372,0.0,0.0,0.0978516057585825,0.010474112496049378,9.625778767134703e-06,3,0
CUS_092,customer,Customer_13,USA,North America,33.34741511806649,-99.38285346180722,4903,1.0,0,1.0,16,3,0.0,0.9198696755024025,0.7487145683986962,Chemicals,5,178,1.0,0.0,0.0,0.0,0.0,0.0,0.0,0.0,0.0,0.0,weekly,1.0,spot,0.023255813953488372,0.023255813953488372,0.0,0.0,0.0978516057585825,0.010518509015284777,9.625778767134703e-06,3,0
CUS_093,customer,Customer_14,USA,North America,41.72346832820399,-98.15693475271567,7860,1.0,0,1.0,26,1,0.0,0.7052547972586186,0.7732441871267123,Raw Materials,8,352,1.0,0.0,0.0,0.0,0.0,0.0,0.0,0.0,0.0,0.0,weekly,1.0,multi-year,0.015503875968992248,0.015503875968992248,0.0,0.0,0.0942706941103092,0.004613771956976587,6.41718584595601e-06,2,0
CUS_094,customer,Customer_15,USA,North America,38.985267510315616,-93.94486614222753,7814,1.0,0,1.0,31,2,0.0,0.8181593216962475,0.8953698931124476,Pharmaceuticals,2,1059,1.0,0.0,0.0,0.0,0.0,0.0,0.0,0.0,0.0,0.0,weekly,2.0,multi-year,0.007751937984496124,0.007751937984496124,0.0,0.0,0.09073800241968007,0.004195176204185673,3.208592924777318e-06,1,0
CUS_095,customer,Customer_16,USA,North America,42.02336937358629,-93.18572237384427,4328,1.0,0,1.0,13,1,0.0,0.7327328895297249,0.8951534943375147,Raw Materials,6,543,1.0,0.0,0.0,0.0,0.0,0.0,0.0,0.0,0.0,0.0,monthly,2.0,multi-year,0.007751937984496124,0.007751937984496124,0.0,0.0,0.09073800241968007,0.004195176204185673,3.208592924777318e-06,1,0
CUS_096,customer,Customer_17,USA,North America,40.868911590413276,-97.53804283234601,1888,1.0,0,1.0,11,1,0.0,0.7890607823680842,0.894722397638318,Textiles,5,1138,1.0,0.0,0.0,0.0,0.0,0.0,0.0,0.0,0.0,0.0,weekly,2.0,annual,0.015503875968992248,0.015503875968992248,0.0,0.0,0.0942706941103092,0.004613771956976587,6.41718584595601e-06,2,0
CUS_097,customer,Customer_18,USA,North America,35.97558101270346,-96.22306377377468,4900,1.0,0,1.0,32,1,0.0,0.7681808881789454,0.721958777130533,Food,3,1017,1.0,0.0,0.0,0.0,0.0,0.0,0.0,0.0,0.0,0.0,weekly,2.0,annual,0.015503875968992248,0.015503875968992248,0.0,0.0,0.0942706941103092,0.004658168476211986,6.41718584595601e-06,2,0
CUS_098,customer,Customer_19,Germany,Western Europe,49.9678578017923,14.083336495718251,3363,1.0,0,1.0,2,2,0.0,0.7076926197419307,0.8023743482878469,Textiles,5,353,1.0,0.0,0.0,0.0,0.0,0.0,0.0,0.0,0.0,0.0,weekly,2.0,annual,0.023255813953488372,0.023255813953488372,0.0,0.0,0.1164513350559862,0.008195156270737167,0.333848916924685,3,0
CUS_099,customer,Customer_20,Germany,Western Europe,53.818832615421286,13.579857387160935,3045,1.0,0,1.0,44,3,0.0,0.7054697748029084,0.7587333957050638,Chemicals,7,385,1.0,0.0,0.0,0.0,0.0,0.0,0.0,0.0,0.0,0.0,weekly,3.0,spot,0.015503875968992248,0.015503875968992248,0.0,0.0,0.11264128881382356,0.006802222615452063,0.22256594461645787,2,0
CUS_100,customer,Customer_21,Germany,Western Europe,55.44034544796307,6.052673902895608,5384,1.0,0,1.0,13,1,0.0,0.7304262485347649,0.8457615277558976,Food,5,543,1.0,0.0,0.0,0.0,0.0,0.0,0.0,0.0,0.0,0.0,weekly,3.0,annual,0.015503875968992248,0.015503875968992248,0.0,0.0,0.11264128881382356,0.006492681803166485,0.22256594461645787,2,0
CUS_101,customer,Customer_22,Germany,Western Europe,49.28307699156004,11.553337833109182,2181,1.0,0,1.0,2,1,0.0,0.8240647304576054,0.7365658280010843,Pharmaceuticals,7,1424,1.0,0.0,0.0,0.0,0.0,0.0,0.0,0.0,0.0,0.0,monthly,3.0,spot,0.023255813953488372,0.023255813953488372,0.0,0.0,0.1164513350559862,0.008195156270737167,0.333848916924685,3,0
CUS_102,customer,Customer_23,Germany,Western Europe,49.122782892203105,13.384072581478373,944,1.0,0,1.0,42,3,0.0,0.8273582275589085,0.7261116887762975,Pharmaceuticals,6,1458,1.0,0.0,0.0,0.0,0.0,0.0,0.0,0.0,0.0,0.0,weekly,2.0,spot,0.007751937984496124,0.007751937984496124,0.0,0.0,0.10887553349011411,0.0050997481478813785,0.11128297230823073,1,0
CUS_103,customer,Customer_24,Germany,Western Europe,46.195840148449825,11.829852057932976,1800,1.0,0,1.0,22,2,0.0,0.9381231551141549,0.893981774026858,Automotive,8,427,1.0,0.0,0.0,0.0,0.0,0.0,0.0,0.0,0.0,0.0,weekly,3.0,annual,0.007751937984496124,0.007751937984496124,0.0,0.0,0.10887553349011411,0.0050997481478813785,0.11128297230823073,1,0
CUS_104,customer,Customer_25,UK,UK,55.946370579367176,-5.883550021907277,6199,1.0,0,1.0,24,3,0.0,0.8271214760946288,0.9002649697874411,Chemicals,2,964,1.0,0.0,0.0,0.0,0.0,0.0,0.0,0.0,0.0,0.0,weekly,2.0,annual,0.023255813953488372,0.023255813953488372,0.0,0.0,0.1164513350559862,0.008195156270737167,0.333848916924685,3,0
CUS_105,customer,Customer_26,UK,UK,52.06014207744864,-1.071262550558179,1749,1.0,0,1.0,33,1,0.0,0.7287143666560485,0.7070915758139009,Textiles,3,1037,1.0,0.0,0.0,0.0,0.0,0.0,0.0,0.0,0.0,0.0,daily,2.0,spot,0.007751937984496124,0.007751937984496124,0.0,0.0,0.10887553349011411,0.0050997481478813785,0.11128297230823073,1,0
CUS_106,customer,Customer_27,UK,UK,56.70015486020419,-7.85545385891446,5516,1.0,0,1.0,2,1,0.0,0.8791140750687075,0.9027523735262127,Raw Materials,6,686,1.0,0.0,0.0,0.0,0.0,0.0,0.0,0.0,0.0,0.0,weekly,2.0,multi-year,0.007751937984496124,0.007751937984496124,0.0,0.0,0.10887553349011411,0.0050997481478813785,0.11128297230823073,1,0
CUS_107,customer,Customer_28,UK,UK,51.66394289454126,-7.398903506158337,1741,1.0,0,1.0,38,2,0.0,0.7822481999679417,0.7238258106966959,Machinery,8,402,1.0,0.0,0.0,0.0,0.0,0.0,0.0,0.0,0.0,0.0,weekly,2.0,annual,0.023255813953488372,0.023255813953488372,0.0,0.0,0.1164513350559862,0.008195156270737167,0.333848916924685,3,0
CUS_108,customer,Customer_29,UK,UK,53.81560474775704,-2.268442166043532,2304,1.0,0,1.0,49,3,0.0,0.9008807848401885,0.7209794817128302,Electronics,5,825,1.0,0.0,0.0,0.0,0.0,0.0,0.0,0.0,0.0,0.0,monthly,2.0,annual,0.007751937984496124,0.007751937984496124,0.0,0.0,0.10887553349011411,0.0050997481478813785,0.11128297230823073,1,0
CUS_109,customer,Customer_30,Japan,East Asia,34.44333753115376,136.58001913058197,5749,1.0,0,1.0,23,1,0.0,0.8088832815537975,0.9986441472112771,Machinery,7,165,1.0,0.0,0.0,0.0,0.0,0.0,0.0,0.0,0.0,0.0,daily,2.0,multi-year,0.015503875968992248,0.015503875968992248,0.0,0.0,0.09241849469459563,0.008234553783994698,1.6116137764852595e-07,2,0
CUS_110,customer,Customer_31,Japan,East Asia,32.9530294235766,140.15004890820666,1516,1.0,0,1.0,16,2,0.0,0.8268067340188568,0.9465419331703261,Textiles,1,1473,1.0,0.0,0.0,0.0,0.0,0.0,0.0,0.0,0.0,0.0,weekly,3.0,multi-year,0.015503875968992248,0.015503875968992248,0.0,0.0,0.09241849469459563,0.008234553783994698,1.6116137764852595e-07,2,0
CUS_111,customer,Customer_32,Japan,East Asia,33.54642081855454,137.24315915809308,7771,1.0,0,1.0,5,2,0.0,0.9305799414365525,0.7730970148191599,Textiles,5,1157,1.0,0.0,0.0,0.0,0.0,0.0,0.0,0.0,0.0,0.0,weekly,1.0,annual,0.007751937984496124,0.007751937984496124,0.0,0.0,0.08421926910299003,0.005680580034457422,8.218846700462993e-08,1,0
CUS_112,customer,Customer_33,Japan,East Asia,32.47713483635235,141.5106763025253,2023,1.0,0,1.0,34,1,0.0,0.7352947085420676,0.7682071900288296,Pharmaceuticals,2,410,1.0,0.0,0.0,0.0,0.0,0.0,0.0,0.0,0.0,0.0,daily,3.0,annual,0.007751937984496124,0.007751937984496124,0.0,0.0,0.08421926910299003,0.005680580034457422,8.218846700462993e-08,1,0
CUS_113,customer,Customer_34,Australia,Oceania,-27.214756893419764,132.74981517074283,2189,1.0,0,1.0,4,3,0.0,0.7485292634056329,0.9358827870271283,Machinery,6,1389,1.0,0.0,0.0,0.0,0.0,0.0,0.0,0.0,0.0,0.0,monthly,2.0,multi-year,0.015503875968992248,0.015503875968992248,0.0,0.0,0.044419835117509535,0.007212526755058795,3.469871299683232e-09,2,0
CUS_114,customer,Customer_35,Australia,Oceania,-29.10633602114524,136.9544970849119,2326,1.0,0,1.0,30,3,0.0,0.9604170070322351,0.9417776200352863,Pharmaceuticals,7,997,1.0,0.0,0.0,0.0,0.0,0.0,0.0,0.0,0.0,0.0,monthly,2.0,spot,0.015503875968992248,0.015503875968992248,0.0,0.0,0.044419835117509535,0.007212526755058795,3.469871299683232e-09,2,0
CUS_115,customer,Customer_36,Australia,Oceania,-28.732088503319687,131.01614434496312,7873,1.0,0,1.0,20,2,0.0,0.9798192221428764,0.8725490051489875,Pharmaceuticals,6,1362,1.0,0.0,0.0,0.0,0.0,0.0,0.0,0.0,0.0,0.0,monthly,2.0,annual,0.007751937984496124,0.007751937984496124,0.0,0.0,0.007751937984496124,0.004757058365290208,1.3674780925530841e-13,1,0
CUS_116,customer,Customer_37,Canada,North America,58.77809800902996,-109.60161372739587,3446,1.0,0,1.0,35,1,0.0,0.7439121976486747,0.8102603266874594,Raw Materials,8,966,1.0,0.0,0.0,0.0,0.0,0.0,0.0,0.0,0.0,0.0,daily,1.0,multi-year,0.007751937984496124,0.007751937984496124,0.0,0.0,0.09073800241968007,0.005171899627364472,3.208592924777318e-06,1,0
CUS_117,customer,Customer_38,Canada,North America,56.62529535895017,-101.6917783884678,4179,1.0,0,1.0,28,1,0.0,0.8518425588520732,0.831853506589873,Food,6,721,1.0,0.0,0.0,0.0,0.0,0.0,0.0,0.0,0.0,0.0,daily,2.0,annual,0.023255813953488372,0.023255813953488372,0.0,0.0,0.0978516057585825,0.006078857091744784,9.625778767134703e-06,3,0
CUS_118,customer,Customer_39,Canada,North America,52.650248531286486,-110.73650372889331,2453,1.0,0,1.0,10,1,0.0,0.8453804761056594,0.9262760633031589,Electronics,8,506,1.0,0.0,0.0,0.0,0.0,0.0,0.0,0.0,0.0,0.0,weekly,1.0,spot,0.023255813953488372,0.023255813953488372,0.0,0.0,0.0978516057585825,0.006078857091744784,9.625778767134703e-06,3,0
CUS_119,customer,Customer_40,Canada,North America,58.95696040744149,-108.69612590811805,6906,1.0,0,1.0,16,2,0.0,0.8854155022861557,0.8899568878040393,Machinery,8,834,1.0,0.0,0.0,0.0,0.0,0.0,0.0,0.0,0.0,0.0,daily,2.0,spot,0.015503875968992248,0.015503875968992248,0.0,0.0,0.0942706941103092,0.0055904953801553855,6.41718584595601e-06,2,0
CUS_120,customer,Customer_41,France,Western Europe,47.78723672561656,5.690158852494014,7730,1.0,0,1.0,37,3,0.0,0.8349353946463968,0.7583867535462295,Food,7,204,1.0,0.0,0.0,0.0,0.0,0.0,0.0,0.0,0.0,0.0,weekly,3.0,annual,0.023255813953488372,0.023255813953488372,0.0,0.0,0.1164513350559862,0.008195156270737167,0.333848916924685,3,0
CUS_121,customer,Customer_42,France,Western Europe,48.923048936413394,-2.6796873557135283,4981,1.0,0,1.0,27,2,0.0,0.9371013207580444,0.8746444689339916,Automotive,7,1496,1.0,0.0,0.0,0.0,0.0,0.0,0.0,0.0,0.0,0.0,weekly,2.0,multi-year,0.023255813953488372,0.023255813953488372,0.0,0.0,0.1164513350559862,0.008195156270737167,0.333848916924685,3,0
CUS_122,customer,Customer_43,France,Western Europe,47.52298806010736,-0.8014372222470412,6616,1.0,0,1.0,45,1,0.0,0.8114225702950422,0.7797553409962941,Machinery,5,357,1.0,0.0,0.0,0.0,0.0,0.0,0.0,0.0,0.0,0.0,daily,1.0,spot,0.007751937984496124,0.007751937984496124,0.0,0.0,0.10887553349011411,0.005409288960166958,0.11128297230823073,1,0
CUS_123,customer,Customer_44,France,Western Europe,49.876603921404175,-0.3552203159513274,1093,1.0,0,1.0,40,3,0.0,0.8842243933554208,0.9578695694940838,Food,5,603,1.0,0.0,0.0,0.0,0.0,0.0,0.0,0.0,0.0,0.0,monthly,3.0,annual,0.023255813953488372,0.023255813953488372,0.0,0.0,0.1164513350559862,0.008195156270737167,0.333848916924685,3,0
CUS_124,customer,Customer_45,China,East Asia,34.01406895748013,106.07134706086542,1071,1.0,0,1.0,48,1,0.0,0.9522614738277768,0.7115279046886974,Pharmaceuticals,8,838,1.0,0.0,0.0,0.0,0.0,0.0,0.0,0.0,0.0,0.0,monthly,2.0,annual,0.015503875968992248,0.015503875968992248,0.0,0.0,0.09241849469459563,0.008234553783994698,1.6116137764852595e-07,2,0
CUS_125,customer,Customer_46,China,East Asia,35.36124432419759,101.45964694365364,7599,1.0,0,1.0,23,2,0.0,0.7450507002451124,0.9212301306164457,Textiles,1,136,1.0,0.0,0.0,0.0,0.0,0.0,0.0,0.0,0.0,0.0,weekly,1.0,spot,0.015503875968992248,0.015503875968992248,0.0,0.0,0.1174863387978142,0.019516107375805725,1.5561105396784492e-07,2,0
CUS_126,customer,Customer_47,China,East Asia,38.02323388062682,99.91084335998673,907,1.0,0,1.0,35,1,0.0,0.9869504194898441,0.9212525078377021,Raw Materials,4,485,1.0,0.0,0.0,0.0,0.0,0.0,0.0,0.0,0.0,0.0,weekly,2.0,spot,0.007751937984496124,0.007751937984496124,0.0,0.0,0.08543983822042465,0.006260788242133549,7.897291424252255e-08,1,0
CUS_127,customer,Customer_48,Brazil,South America,-17.498906646659158,-55.946043502866026,6993,1.0,0,1.0,32,1,0.0,0.8272890657654665,0.7247852990377806,Electronics,1,1296,1.0,0.0,0.0,0.0,0.0,0.0,0.0,0.0,0.0,0.0,weekly,2.0,multi-year,0.023255813953488372,0.023255813953488372,0.0,0.0,0.0978516057585825,0.01125280151498267,6.417185979105192e-06,3,0
CUS_128,customer,Customer_49,Brazil,South America,-12.566496019535716,-56.82572300602597,2327,1.0,0,1.0,4,2,0.0,0.8931712760623391,0.8590906399747474,Food,2,198,1.0,0.0,0.0,0.0,0.0,0.0,0.0,0.0,0.0,0.0,daily,2.0,spot,0.007751937984496124,0.007751937984496124,0.0,0.0,0.09073800241968007,0.00663698476213267,3.208592924777318e-06,1,0
CUS_129,customer,Customer_50,Mexico,North America,23.490155029775398,-98.34702818780592,4483,1.0,0,1.0,32,2,0.0,0.7469915310921424,0.7131206877639908,Textiles,1,985,1.0,0.0,0.0,0.0,0.0,0.0,0.0,0.0,0.0,0.0,weekly,1.0,annual,0.007751937984496124,0.007751937984496124,0.0,0.0,0.09073800241968007,0.009567155031669064,3.208592924777318e-06,1,0
